Start_time;End_time;C1;C2;C3;C4;C5
2025-04-01 11:35:31.320795;2025-04-01 11:35:32.953252;3272491.821643,81846072.507322,27.200162,59.981683;2114210.770078,52297496.048407,27.738839,48.600704;7077088.729726,153656241.938689,26.821101,82.845301;10761189.75053,242298026.026425,27.282624,103.168186;6272114.246604,165470982.345961,27.335074,86.323654
2025-04-01 11:35:32.956243;2025-04-01 11:35:33.463847;3272495.645933,81846098.414315,27.200163,59.981693;2114215.061422,52297520.107091,27.738843,48.60072;7077091.350532,153656255.39608,26.8211,82.845305;10761189.75053,242298026.026486,27.282624,103.168186;6272227.967428,165472998.627619,27.335087,86.324189
2025-04-01 11:35:33.465842;2025-04-01 11:35:33.937072;3272495.787595,81846104.607953,27.200164,59.981697;2114215.208884,52297531.561828,27.738846,48.600727;7077091.633156,153656262.586805,26.821101,82.845307;10761189.750531,242298026.026533,27.282624,103.168186;6272242.056166,165473321.010971,27.335089,86.324281
2025-04-01 11:35:33.940064;2025-04-01 11:35:34.431686;3272495.885563,81846112.282182,27.200166,59.981701;2114215.396195,52297544.990245,27.738853,48.600738;7077091.661065,153656267.404119,26.821101,82.845308;10761189.750532,242298026.026603,27.282624,103.168186;6272247.022458,165473594.251954,27.335106,86.324374
2025-04-01 11:35:34.431686;2025-04-01 11:35:34.912142;3272495.972897,81846126.678194,27.200171,59.981714;2114215.733048,52297576.438805,27.73887,48.600772;7077091.725413,153656276.604449,26.821101,82.845311;10761189.750533,242298026.02663,27.282624,103.168186;6272249.014929,165473779.489304,27.335153,86.324519
2025-04-01 11:35:34.913141;2025-04-01 11:35:35.579604;3272496.129332,81846141.637611,27.200175,59.981722;2114216.014026,52297611.71156,27.73888,48.600797;7077091.837044,153656283.301331,26.821101,82.845313;10761189.750533,242298026.026667,27.282624,103.168186;6272253.02801,165473970.089415,27.335166,86.324592
2025-04-01 11:35:35.579604;2025-04-01 11:35:36.291419;3272496.23093,81846146.055461,27.200175,59.981725;2114216.12996,52297619.815271,27.738882,48.600803;7077092.084882,153656288.412594,26.821101,82.845314;10761189.750534,242298026.026742,27.282624,103.168186;6272257.900424,165474112.35251,27.335169,86.324629
2025-04-01 11:35:36.291419;2025-04-01 11:35:37.329176;3273268.042256,81877583.485942,27.2059,59.999403;2114235.609445,52297847.785478,27.738941,48.600999;7077092.33046,153656295.378836,26.821101,82.845316;10761189.750534,242298026.026793,27.282624,103.168186;6272258.836197,165474249.373803,27.335176,86.324671
2025-04-01 11:35:37.330172;2025-04-01 11:35:38.389556;3274040.113712,81901743.471293,27.207913,60.010208;2114345.011596,52299657.107257,27.738885,48.601785;7077092.785434,153656304.016058,26.821101,82.845318;10767812.060898,242874045.247496,27.308514,103.344004;6272261.584282,165474441.567746,27.335184,86.32473
2025-04-01 11:35:38.390551;2025-04-01 11:35:39.474189;3276652.147221,81955764.845317,27.207088,60.02772;2119475.262908,52415233.883136,27.738117,48.654705;7077115.085507,153656654.834178,26.82109,82.845391;10816939.76207,243942953.451109,27.322835,103.593011;6272264.21578,165474634.362557,27.335202,86.324803
2025-04-01 11:35:39.474189;2025-04-01 11:35:40.543792;3319020.213444,82650754.099403,27.203209,60.292795;2124420.938365,52561154.245833,27.743059,48.726992;7678646.388241,165603158.802928,27.114544,86.394197;10908289.969101,246070808.065855,27.359564,104.091265;6272290.785799,165474881.203926,27.335218,86.324897
2025-04-01 11:35:40.543792;2025-04-01 11:35:41.592843;3319021.838653,82653569.910151,27.203112,60.293615;2129634.988078,52940798.091536,27.73138,48.868138;7743205.597103,167743753.576365,27.120336,86.932534;10910010.287491,246638834.477965,27.376704,104.233276;6272370.340943,165475903.266144,27.335178,86.325116
2025-04-01 11:35:41.593840;2025-04-01 11:35:42.701296;3319021.951169,82653583.258079,27.203115,60.293623;2129646.182999,52940898.005192,27.731408,48.868223;7743205.885171,167743760.616783,27.120337,86.932536;10916551.283781,246746695.330809,27.378714,104.263467;6272373.311763,165476000.697137,27.335186,86.325151
2025-04-01 11:35:42.702290;2025-04-01 11:35:43.730914;3319021.960427,82653591.024651,27.203118,60.293629;2129647.783826,52940932.50838,27.731417,48.868247;7743206.106644,167743765.711194,27.120337,86.932538;10916601.515822,246746819.706411,27.378716,104.263511;6272379.687599,165476051.768547,27.335192,86.325173
2025-04-01 11:35:43.731911;2025-04-01 11:35:44.780184;3319022.475993,82653601.464613,27.203119,60.293634;2129648.364626,52940963.28606,27.731419,48.868263;7743206.7601,167743773.887031,27.120336,86.932539;10916602.501431,246746840.388951,27.378717,104.263517;6272380.186929,165476080.560716,27.335194,86.325185
2025-04-01 11:35:44.781183;2025-04-01 11:35:45.863198;3319022.755992,82653625.375571,27.203122,60.293645;2129648.595725,52941021.612329,27.731425,48.868292;7743206.927534,167743782.827323,27.120337,86.932542;10916603.671585,246746904.185871,27.378719,104.263533;6272381.980699,165476150.286952,27.335198,86.325208
2025-04-01 11:35:45.864195;2025-04-01 11:35:46.904626;3319022.860866,82653634.09381,27.203126,60.293652;2129649.462586,52941063.718443,27.731434,48.868318;7743206.981348,167743785.719044,27.120337,86.932543;10916607.044408,246746964.402193,27.378721,104.263548;6272382.916109,165476192.151673,27.335203,86.325226
2025-04-01 11:35:46.905623;2025-04-01 11:35:47.964633;3319022.891155,82653641.159974,27.203128,60.293657;2129649.739443,52941080.715823,27.73144,48.868331;7743207.015676,167743788.91726,27.120337,86.932544;10916609.505141,246747028.766898,27.378723,104.263567;6272384.03029,165476231.039733,27.335206,86.32524
2025-04-01 11:35:47.965630;2025-04-01 11:35:49.013481;3319023.036931,82653651.061407,27.203132,60.293665;2129650.549742,52941097.761435,27.731449,48.868348;7743207.185434,167743793.398696,27.120337,86.932545;10916661.781514,246747849.126728,27.378714,104.263721;6272384.579986,165476273.289648,27.335211,86.325258
2025-04-01 11:35:49.014478;2025-04-01 11:35:50.059944;3319024.027785,82653669.086109,27.203132,60.293672;2129655.793402,52941171.897317,27.731446,48.868383;7743211.242707,167743828.037632,27.120336,86.932553;10932547.619466,247738806.543721,27.379894,104.481042;6272392.231053,165476459.768795,27.335218,86.325325
2025-04-01 11:35:50.060943;2025-04-01 11:35:51.146444;3319176.563439,82656502.536279,27.202904,60.294459;2129720.852969,52941519.171674,27.731433,48.868558;7743430.234514,167744535.986318,27.120308,86.932742;10943944.512593,247840855.524189,27.377999,104.500575;6272565.438244,165479040.022505,27.33512,86.325832
2025-04-01 11:35:51.147407;2025-04-01 11:35:52.195910;3319328.11593,82659893.646502,27.202738,60.295465;2129727.912705,52941821.606669,27.731422,48.868688;7743445.427124,167745408.655657,27.120306,86.93293;10969804.130208,249527548.422627,27.368847,104.808715;6272692.481975,165480717.133845,27.335077,86.326182
2025-04-01 11:35:52.196908;2025-04-01 11:35:53.264447;3319387.605799,82660649.070852,27.202698,60.295706;2129736.372157,52941965.769524,27.731415,48.868751;7743473.548302,167745596.520713,27.120304,86.932981;10981527.892903,249957698.367451,27.367243,104.890716;6272871.742077,165484610.012884,27.334976,86.32701
2025-04-01 11:35:53.264447;2025-04-01 11:35:54.337553;3319388.246082,82660654.829275,27.202699,60.295709;2129738.104851,52941985.346033,27.731419,48.868764;7743474.663149,167745635.445361,27.120304,86.932991;11013466.597981,250290794.649678,27.371912,104.981296;6272873.571493,165484626.75617,27.334977,86.327015
2025-04-01 11:35:54.338551;2025-04-01 11:35:55.384547;3319388.480578,82660659.74117,27.202699,60.295712;2129739.261368,52941998.337636,27.731422,48.868773;7743474.69044,167745641.113972,27.120304,86.932992;11013476.287832,250290848.037267,27.371912,104.981312;6272873.865803,165484641.87497,27.334977,86.32702
2025-04-01 11:35:55.385546;2025-04-01 11:35:56.453200;3319388.530302,82660671.93374,27.2027,60.295717;2129739.690963,52942016.397618,27.731427,48.868786;7743474.851873,167745647.911504,27.120304,86.932994;11013476.386388,250290856.204876,27.371913,104.981315;6272873.977684,165484652.32233,27.334978,86.327023
2025-04-01 11:35:56.454197;2025-04-01 11:35:57.516726;3319388.641966,82660679.156006,27.202701,60.29572;2129739.846902,52942036.511215,27.731431,48.868799;7743474.902553,167745651.296785,27.120304,86.932995;11013476.425238,250290871.334282,27.371914,104.981319;6272874.991251,165484669.076334,27.334978,86.327028
2025-04-01 11:35:57.517724;2025-04-01 11:35:58.567524;3319388.689484,82660695.95328,27.202701,60.295726;2129739.93965,52942069.339985,27.731436,48.868816;7743474.958025,167745655.096775,27.120305,86.932996;11013479.30387,250290958.690813,27.371916,104.981339;6272875.711907,165484698.310145,27.334979,86.327036
2025-04-01 11:35:58.568557;2025-04-01 11:35:59.650588;3319390.226317,82660710.091912,27.202702,60.295733;2129740.481983,52942085.226342,27.73144,48.868826;7743475.582011,167745660.74514,27.120305,86.932998;11014799.150077,250536508.060503,27.372296,105.03012;6272880.785852,165484785.306377,27.334977,86.327056
2025-04-01 11:35:59.651586;2025-04-01 11:36:00.707303;3319390.255189,82660716.91958,27.202703,60.295736;2129740.548582,52942099.428525,27.731445,48.868837;7743475.607218,167745666.824745,27.120305,86.933;11017304.641122,250563122.697039,27.372122,105.035319;6272881.411611,165484799.431208,27.334978,86.327061
2025-04-01 11:36:00.708300;2025-04-01 11:36:01.760583;3319390.462681,82660726.236828,27.202704,60.295741;2129741.278429,52942118.007774,27.73145,48.868852;7743475.816899,167745671.258028,27.120305,86.933001;11020255.96058,250608893.890398,27.372376,105.046101;6272881.966407,165484812.544796,27.334978,86.327064
2025-04-01 11:36:01.762577;2025-04-01 11:36:02.802343;3319390.543001,82660732.485388,27.202705,60.295744;2129741.509907,52942132.993393,27.731454,48.868862;7743475.89257,167745673.538826,27.120306,86.933003;11036190.795052,251055681.493914,27.36558,105.129033;6272882.020032,165484817.280167,27.334978,86.327067
2025-04-01 11:36:02.802897;2025-04-01 11:36:03.885362;3319390.971284,82660743.128303,27.202705,60.295748;2129742.335481,52942153.42095,27.731457,48.868874;7743475.951006,167745680.82214,27.120306,86.933004;11041742.899422,251147875.722917,27.364238,105.145725;6272882.196186,165484832.357475,27.334978,86.32707
2025-04-01 11:36:03.899325;2025-04-01 11:36:04.946281;3319392.564525,82660751.223259,27.202705,60.295751;2129745.307263,52942161.992183,27.73146,48.868882;7743476.845227,167745690.027729,27.120305,86.933006;11063744.231393,253622579.890398,27.366455,105.581357;6272884.309004,165484850.585861,27.334978,86.327075
2025-04-01 11:36:04.946787;2025-04-01 11:36:05.970071;3319392.831604,82660759.492709,27.202707,60.295756;2129745.496653,52942179.145156,27.731467,48.868896;7743477.025356,167745693.985661,27.120306,86.933008;11064685.359902,253624005.096094,27.366347,105.581767;6272884.647834,165484856.852737,27.334979,86.327077
2025-04-01 11:36:05.971069;2025-04-01 11:36:07.053547;3319393.511094,82660772.546176,27.202708,60.295762;2129746.168827,52942204.289801,27.731475,48.868915;7743477.319169,167745703.146669,27.120306,86.93301;11064685.882266,253624023.933078,27.366348,105.581773;6272885.230004,165484867.140008,27.334979,86.327081
2025-04-01 11:36:07.055541;2025-04-01 11:36:08.095885;3319393.787968,82660775.935193,27.202709,60.295765;2129746.407011,52942211.325589,27.731479,48.868922;7743477.450712,167745706.785692,27.120306,86.933011;11064686.068744,253624027.432653,27.366349,105.581776;6272885.494794,165484873.065121,27.334979,86.327083
2025-04-01 11:36:08.096883;2025-04-01 11:36:09.163706;3319393.921954,82660782.45665,27.202709,60.295767;2129746.687991,52942222.39307,27.73148,48.868928;7743477.541994,167745712.102553,27.120306,86.933012;11064686.125985,253624035.493471,27.366349,105.581777;6272885.824686,165484879.727341,27.334979,86.327085
2025-04-01 11:36:09.164703;2025-04-01 11:36:10.211225;3319394.346989,82660805.580338,27.202711,60.295776;2129747.312054,52942256.553182,27.731487,48.868948;7743478.052271,167745725.827453,27.120306,86.933016;11064686.721747,253624060.611795,27.36635,105.581784;6272886.389474,165484896.094129,27.33498,86.327089
2025-04-01 11:36:10.212253;2025-04-01 11:36:11.277740;3319394.823734,82660816.798074,27.202713,60.295782;2129747.92016,52942273.567131,27.731493,48.86896;7743478.216958,167745731.621558,27.120306,86.933018;11066707.985556,253709673.34559,27.364538,105.595827;6272886.431431,165484906.085569,27.334981,86.327093
2025-04-01 11:36:11.278738;2025-04-01 11:36:12.346987;3319395.225394,82660826.951598,27.202715,60.295787;2129748.401835,52942292.398102,27.731499,48.868974;7743478.549297,167745736.583675,27.120306,86.933019;11070607.761618,253780861.340829,27.363005,105.607358;6272886.620401,165484917.820878,27.334981,86.327096
2025-04-01 11:36:12.347984;2025-04-01 11:36:13.400239;3319395.418728,82660838.087861,27.202716,60.295793;2129748.624761,52942305.027697,27.731503,48.868984;7743478.663224,167745746.408211,27.120306,86.933021;11070607.817392,253780861.508614,27.363005,105.607358;6272886.780292,165484928.502707,27.334981,86.327099
2025-04-01 11:36:13.401234;2025-04-01 11:36:14.460089;3319395.499486,82660842.810753,27.202716,60.295795;2129748.710707,52942316.266006,27.731506,48.868991;7743478.73672,167745748.011899,27.120306,86.933022;11070607.817393,253780861.508681,27.363005,105.607358;6272886.836214,165484932.83016,27.334981,86.3271
2025-04-01 11:36:14.461085;2025-04-01 11:36:15.511616;3319395.778283,82660851.976728,27.202717,60.295798;2129748.813732,52942334.572754,27.731509,48.869001;7743479.054334,167745752.628769,27.120306,86.933023;11070607.817394,253780861.508753,27.363005,105.607358;6272887.48652,165484940.766223,27.334981,86.327102
2025-04-01 11:36:15.511616;2025-04-01 11:36:16.588104;3319395.847695,82660859.287155,27.202718,60.295802;2129749.492288,52942354.069809,27.731513,48.869012;7743479.12093,167745755.510337,27.120306,86.933024;11070814.839151,253801609.989344,27.364048,105.613816;6272887.662838,165484947.104676,27.334982,86.327104
2025-04-01 11:36:16.589102;2025-04-01 11:36:17.654381;3319396.114793,82660869.728847,27.202718,60.295806;2129750.483097,52942370.409907,27.731516,48.869022;7743479.185608,167745761.444676,27.120306,86.933025;11070814.839232,253801609.989504,27.364048,105.613816;6272887.890711,165484955.932747,27.334982,86.327107
2025-04-01 11:36:17.655379;2025-04-01 11:36:18.698429;3319396.555625,82660876.795913,27.202719,60.295809;2129750.764794,52942377.619472,27.731519,48.869028;7743479.288088,167745764.786752,27.120306,86.933026;11070814.850077,253801610.024424,27.364048,105.613816;6272888.049387,165484962.67348,27.334982,86.327108
2025-04-01 11:36:18.699426;2025-04-01 11:36:19.769250;3319397.016858,82660902.382302,27.202719,60.295817;2129752.720407,52942413.620257,27.73152,48.869044;7743479.809151,167745771.708449,27.120306,86.933027;11087533.078154,254509985.407236,27.366118,105.752731;6272888.864033,165485009.754975,27.334981,86.327118
2025-04-01 11:36:19.770248;2025-04-01 11:36:20.825566;3319397.289923,82660910.141437,27.20272,60.295821;2129754.042208,52942427.834325,27.731524,48.869055;7743479.890364,167745774.829064,27.120306,86.933028;11101710.587859,256412458.918955,27.341188,106.072535;6272889.466632,165485035.247419,27.334981,86.327124
2025-04-01 11:36:20.827561;2025-04-01 11:36:21.901371;3319397.987901,82660920.86433,27.202722,60.295827;2129754.627922,52942448.99987,27.731533,48.869073;7743480.000964,167745777.5022,27.120307,86.933029;11102740.644843,256470005.424021,27.341374,106.084722;6272889.817653,165485046.617745,27.334981,86.327128
2025-04-01 11:36:21.901371;2025-04-01 11:36:22.938622;3319398.631913,82660945.78305,27.202722,60.295837;2129755.196863,52942467.204336,27.73154,48.869089;7743480.463535,167745784.443188,27.120307,86.933031;11104200.887457,256521766.925119,27.34186,106.095997;6272890.363427,165485068.027141,27.334982,86.327133
2025-04-01 11:36:22.939619;2025-04-01 11:36:24.004774;3319399.410708,82660961.098265,27.202723,60.295843;2129755.636731,52942495.27265,27.731542,48.869102;7743480.516155,167745787.38528,27.120307,86.933032;11104439.386169,256538274.449915,27.341784,106.099343;6272890.98682,165485082.013511,27.334982,86.327137
2025-04-01 11:36:24.004774;2025-04-01 11:36:25.070150;3319406.870782,82661237.677785,27.20279,60.296013;2129763.305231,52942858.585259,27.731706,48.869413;7743481.020391,167745798.452762,27.120307,86.933035;11108457.231933,256598567.140924,27.341572,106.111281;6272894.200082,165485215.827451,27.334994,86.327189
2025-04-01 11:36:25.071147;2025-04-01 11:36:26.130521;3319407.137543,82661251.768573,27.202791,60.296019;2129763.34765,52942883.373266,27.731711,48.869427;7743481.076437,167745803.067676,27.120307,86.933036;11119175.255767,256657856.465723,27.340781,106.123746;6272894.320929,165485224.30892,27.334994,86.327192
2025-04-01 11:36:26.131521;2025-04-01 11:36:27.188112;3319407.707275,82661263.136434,27.202793,60.296025;2129763.64593,52942893.769282,27.731717,48.869437;7743481.339011,167745808.507928,27.120307,86.933038;11120977.668197,256789843.818262,27.3414,106.149532;6272894.682701,165485241.786693,27.334995,86.327197
2025-04-01 11:36:27.189110;2025-04-01 11:36:28.227813;3319407.777687,82661268.894958,27.202795,60.29603;2129764.429341,52942907.81706,27.731724,48.869451;7743481.500512,167745811.521117,27.120307,86.933038;11133473.90158,256837679.721216,27.341105,106.161052;6272895.226692,165485244.753397,27.334995,86.327199
2025-04-01 11:36:28.228810;2025-04-01 11:36:29.313451;3319407.895507,82661339.928582,27.202814,60.296076;2129765.053857,52943006.66079,27.731772,48.869537;7743481.68534,167745815.195884,27.120307,86.93304;11136180.09616,257056497.113428,27.338379,106.198077;6272895.281413,165485278.404067,27.334999,86.327213
2025-04-01 11:36:29.314448;2025-04-01 11:36:30.366350;3319408.11708,82661346.227351,27.202816,60.29608;2129765.141907,52943022.169903,27.731777,48.869549;7743481.725922,167745820.164758,27.120307,86.933041;11137844.89624,257133331.615717,27.338868,106.215456;6272895.58642,165485284.54646,27.335,86.327215
2025-04-01 11:36:30.367347;2025-04-01 11:36:31.423941;3319420.406411,82661979.934371,27.203133,60.296643;2129780.127548,52943936.644925,27.732512,48.870596;7743482.140818,167745827.412983,27.120309,86.933045;11146123.925598,257402613.950312,27.335041,106.263346;6272900.322412,165485496.960575,27.335067,86.32737
2025-04-01 11:36:31.424937;2025-04-01 11:36:32.487663;3319420.63082,82661996.632622,27.203133,60.296649;2129781.117336,52943953.133599,27.732515,48.870607;7743482.16674,167745831.745021,27.120309,86.933047;11146261.82419,257462013.98765,27.33625,106.276402;6272900.504628,165485517.002235,27.335067,86.327375
2025-04-01 11:36:32.488662;2025-04-01 11:36:33.545676;3319423.500516,82662051.783795,27.203155,60.296692;2129783.017892,52944026.911577,27.732567,48.870685;7743482.52201,167745835.741552,27.120309,86.933048;11146744.726957,257503259.276163,27.336635,106.284823;6272902.078223,165485549.620599,27.335071,86.327391
2025-04-01 11:36:33.546673;2025-04-01 11:36:34.609467;3319426.073429,82662083.136021,27.203155,60.296703;2129785.787618,52944063.391042,27.732568,48.870703;7743483.564788,167745850.401439,27.120309,86.933051;11147100.628282,257527544.195917,27.336512,106.289323;6272904.247067,165485582.85785,27.335071,86.327398
2025-04-01 11:36:34.609467;2025-04-01 11:36:35.687238;3319426.183894,82662091.099479,27.203157,60.296708;2129785.878947,52944074.108628,27.732575,48.870715;7743483.614512,167745857.551296,27.120309,86.933053;11147129.104378,257529733.47217,27.336543,106.289853;6272904.325889,165485593.089546,27.335071,86.327402
2025-04-01 11:36:35.688236;2025-04-01 11:36:36.718039;3319427.227291,82662116.618433,27.20316,60.296721;2129786.805521,52944112.226475,27.732585,48.870739;7743483.910005,167745863.71962,27.120309,86.933054;11147330.702714,257534170.629567,27.336515,106.290666;6272905.06978,165485617.674228,27.335072,86.327408
2025-04-01 11:36:36.719036;2025-04-01 11:36:37.798394;3319427.509323,82662123.943992,27.203161,60.296725;2129786.898817,52944122.32676,27.732588,48.870746;7743483.928707,167745868.419664,27.120309,86.933055;11147403.448484,257537564.420796,27.336513,106.291358;6272905.336794,165485624.82058,27.335072,86.32741
2025-04-01 11:36:37.799395;2025-04-01 11:36:38.838151;3319430.176161,82662173.446162,27.203168,60.296751;2129789.310448,52944182.601361,27.732609,48.870795;7743484.465757,167745883.322433,27.120309,86.933059;11147415.342334,257538411.35109,27.336518,106.291542;6272907.131463,165485656.352689,27.335074,86.327421
2025-04-01 11:36:38.839148;2025-04-01 11:36:39.914438;3319430.716795,82662188.455498,27.203169,60.296757;2129789.782897,52944205.486898,27.732613,48.870808;7743484.513069,167745888.170276,27.120309,86.93306;11147419.471702,257538730.943273,27.336516,106.291603;6272907.31276,165485666.152421,27.335074,86.327424
2025-04-01 11:36:39.915436;2025-04-01 11:36:40.951352;3319431.817197,82662300.717568,27.203226,60.296858;2129791.550781,52944338.627842,27.732738,48.870977;7743484.693268,167745892.762265,27.120309,86.933062;11147453.5072,257539382.194094,27.336536,106.29177;6272907.938703,165485710.327253,27.335089,86.327459
2025-04-01 11:36:40.952352;2025-04-01 11:36:42.034524;3319433.782187,82662344.659471,27.203226,60.296873;2129794.500824,52944392.286718,27.732739,48.871003;7743484.771453,167745899.731902,27.12031,86.933064;11147671.106722,257548125.995821,27.336397,106.293241;6272908.65564,165485739.555056,27.33509,86.327466
2025-04-01 11:36:42.034524;2025-04-01 11:36:43.076677;3319443.57239,82662586.40697,27.203369,60.297119;2129805.263031,52944691.659822,27.733048,48.87142;7743485.321796,167745906.334912,27.12031,86.933066;11151084.423376,257619244.478182,27.336789,106.308872;6272913.214885,165485851.561656,27.335129,86.327557
2025-04-01 11:36:43.076677;2025-04-01 11:36:44.147440;3319445.569854,82662616.946258,27.20337,60.297133;2129808.383905,52944727.020844,27.733056,48.871446;7743485.35093,167745911.140834,27.12031,86.933068;11162247.51651,257690604.920076,27.335374,106.322817;6272914.129489,165485884.227175,27.33513,86.327566
2025-04-01 11:36:44.148436;2025-04-01 11:36:45.210239;3319445.702409,82662626.53402,27.203372,60.297138;2129808.564026,52944751.268483,27.73306,48.87146;7743485.516556,167745915.099952,27.120311,86.933069;11162877.13018,257700636.730196,27.336598,106.327186;6272914.413793,165485896.617983,27.335131,86.32757
2025-04-01 11:36:45.211239;2025-04-01 11:36:46.287040;3319446.82093,82662648.970848,27.203373,60.297147;2129809.533878,52944767.291257,27.733065,48.871471;7743486.216722,167745921.255644,27.12031,86.93307;11168973.925057,257773156.22452,27.334891,106.33974;6272915.471851,165485911.394196,27.335132,86.327575
2025-04-01 11:36:46.288037;2025-04-01 11:36:47.324244;3319446.908531,82662655.311753,27.203374,60.29715;2129809.681073,52944776.764963,27.733066,48.871476;7743486.305153,167745924.877465,27.120311,86.933071;11169053.743079,257777629.697187,27.334847,106.340567;6272915.68321,165485916.909489,27.335132,86.327577
2025-04-01 11:36:47.336213;2025-04-01 11:36:48.395282;3319450.284508,82663601.129632,27.203843,60.29799;2129812.783509,52945900.234446,27.734072,48.872869;7743486.952217,167745933.049941,27.120312,86.933076;11169058.180627,257778722.422871,27.334961,106.340989;6272917.384225,165486339.83284,27.335268,86.327891
2025-04-01 11:36:48.396280;2025-04-01 11:36:49.453182;3319451.842534,82663623.030407,27.203844,60.298;2129815.274518,52945930.45042,27.73408,48.87289;7743486.978439,167745938.120974,27.120312,86.933077;11169140.158933,257779498.71833,27.334951,106.34114;6272917.649694,165486352.114223,27.335269,86.327896
2025-04-01 11:36:49.454180;2025-04-01 11:36:50.491386;3319452.000137,82663641.189954,27.203846,60.298007;2129815.404594,52945954.458281,27.734084,48.872905;7743487.0936,167745948.141494,27.120312,86.93308;11169243.267747,257785124.60646,27.334917,106.342175;6272918.304675,165486384.678977,27.33527,86.327903
2025-04-01 11:36:50.492385;2025-04-01 11:36:51.576659;3319453.406088,82663669.368605,27.203845,60.298017;2129816.672899,52945970.819713,27.734087,48.872915;7743487.420191,167745957.982474,27.120312,86.933082;11169363.359515,257798623.405136,27.335082,106.345096;6272918.668319,165486427.50389,27.335269,86.327913
2025-04-01 11:36:51.577656;2025-04-01 11:36:52.626976;3319454.897514,82663798.20042,27.203899,60.298122;2129818.275463,52946124.634264,27.734197,48.873081;7743487.603455,167745977.067819,27.120313,86.933087;11169942.575545,257810631.60559,27.335099,106.347402;6272919.22586,165486519.850471,27.335284,86.327959
2025-04-01 11:36:52.627974;2025-04-01 11:36:53.679892;3319456.786918,82663839.833417,27.203899,60.298135;2129820.001105,52946168.204398,27.734199,48.8731;7743487.94339,167745983.273996,27.120313,86.933088;11170169.054755,257819512.867108,27.335015,106.349035;6272920.827557,165486563.228234,27.335284,86.327968
2025-04-01 11:36:53.680893;2025-04-01 11:36:54.756956;3319457.162248,82663866.867709,27.203903,60.298148;2129821.014555,52946204.317019,27.734208,48.873124;7743488.018386,167745991.151399,27.120313,86.93309;11170284.419761,257824548.100521,27.335229,106.350725;6272921.045591,165486583.817205,27.335286,86.327975
2025-04-01 11:36:54.756956;2025-04-01 11:36:55.804322;3319457.425695,82663889.520461,27.203904,60.298156;2129822.840732,52946232.257855,27.734214,48.873141;7743488.056776,167745997.366065,27.120313,86.933092;11173034.585959,257829988.307904,27.335093,106.352555;6272921.19546,165486630.58848,27.335285,86.327985
2025-04-01 11:36:55.805319;2025-04-01 11:36:56.871888;3319457.801611,82663901.947266,27.203905,60.298161;2129822.879832,52946248.552243,27.734215,48.873149;7743488.52885,167746004.527776,27.120313,86.933093;11173785.361915,257848705.537274,27.33488,106.355763;6272922.781622,165486643.316566,27.335285,86.327989
2025-04-01 11:36:56.873854;2025-04-01 11:36:57.931981;3319457.977644,82663925.515142,27.203906,60.29817;2129823.3081,52946267.716472,27.734219,48.873161;7743488.642466,167746011.362641,27.120313,86.933095;11174141.058661,257856621.407025,27.334999,106.357653;6272923.20828,165486659.161146,27.335285,86.327993
2025-04-01 11:36:57.932960;2025-04-01 11:36:58.997893;3319458.917716,82663944.330253,27.203907,60.298178;2129823.79354,52946290.37088,27.734223,48.873174;7743488.687446,167746014.292256,27.120313,86.933096;11174366.465462,257861741.289173,27.335282,106.359214;6272923.54739,165486672.727713,27.335286,86.327998
2025-04-01 11:36:58.998892;2025-04-01 11:37:00.051516;3319459.814354,82663983.270406,27.203915,60.2982;2129824.684671,52946331.051451,27.734242,48.873208;7743488.892548,167746021.083852,27.120313,86.933098;11174378.430039,257862689.545318,27.335305,106.359462;6272924.007569,165486698.712628,27.335289,86.328008
2025-04-01 11:37:00.052513;2025-04-01 11:37:01.115998;3319460.874001,82663999.930434,27.203916,60.298207;2129826.152287,52946351.050669,27.734244,48.873219;7743489.105147,167746024.517631,27.120313,86.933099;11174380.931025,257862729.800948,27.335305,106.35947;6272925.185519,165486710.548944,27.33529,86.328012
2025-04-01 11:37:01.116995;2025-04-01 11:37:02.172044;3319461.096123,82664014.765206,27.203918,60.298213;2129826.439987,52946372.108562,27.734247,48.873231;7743489.16846,167746032.502513,27.120313,86.933101;11174385.236105,257862864.17776,27.33531,106.359507;6272925.259121,165486731.117291,27.33529,86.328018
2025-04-01 11:37:02.172044;2025-04-01 11:37:03.239012;3319462.705652,82664032.336351,27.203918,60.298221;2129827.643777,52946395.368388,27.734251,48.873245;7743490.185977,167746043.147357,27.120313,86.933103;11178718.762106,257936756.274745,27.334762,106.37377;6272926.669545,165486754.255263,27.33529,86.328024
2025-04-01 11:37:03.240016;2025-04-01 11:37:04.289408;3319463.598866,82664052.581978,27.20392,60.29823;2129828.017999,52946425.98749,27.734255,48.873262;7743490.210813,167746047.574561,27.120313,86.933104;11179133.308355,257938595.301159,27.334778,106.374374;6272926.904968,165486765.557558,27.335291,86.328028
2025-04-01 11:37:04.289408;2025-04-01 11:37:05.352669;3319466.760743,82664088.49029,27.203925,60.29825;2129829.686522,52946486.285027,27.734261,48.873293;7743490.88629,167746054.009488,27.120313,86.933106;11179262.04676,257941754.438625,27.334772,106.374981;6272927.406472,165486810.374316,27.335294,86.328044
2025-04-01 11:37:05.353669;2025-04-01 11:37:06.441250;3319467.223996,82664093.407423,27.203926,60.298252;2129830.00095,52946496.053612,27.734262,48.873298;7743491.002806,167746057.090269,27.120313,86.933107;11179282.064897,257942604.078953,27.334768,106.375143;6272927.573523,165486816.587696,27.335294,86.328046
2025-04-01 11:37:06.442249;2025-04-01 11:37:07.483182;3319470.452815,82664937.234392,27.204372,60.299023;2129832.770094,52947337.324049,27.735074,48.874382;7743491.150083,167746066.195084,27.120315,86.933112;11180205.63426,257964427.724064,27.334813,106.379239;6272929.194236,165487182.639177,27.335413,86.328316
2025-04-01 11:37:07.483182;2025-04-01 11:37:08.546968;3319470.746971,82664971.633703,27.204372,60.299035;2129833.121349,52947356.464309,27.735078,48.874393;7743491.414065,167746075.665184,27.120315,86.933114;11180253.738272,257964488.499392,27.334811,106.379264;6272929.45188,165487196.292739,27.335413,86.32832
2025-04-01 11:37:08.547966;2025-04-01 11:37:09.593828;3319471.408723,82664988.993594,27.204374,60.299044;2129833.516317,52947375.233298,27.735085,48.874408;7743491.977783,167746083.815806,27.120315,86.933116;11180313.823629,257968252.465678,27.334863,106.380147;6272930.701285,165487222.412482,27.335414,86.328328
2025-04-01 11:37:09.593828;2025-04-01 11:37:10.635317;3319471.788378,82665008.180249,27.204377,60.299053;2129833.593938,52947394.872538,27.735092,48.874423;7743492.003258,167746090.889386,27.120315,86.933118;11180440.831677,257977591.628337,27.33487,106.382108;6272931.005019,165487246.686616,27.335415,86.328335
2025-04-01 11:37:10.636314;2025-04-01 11:37:11.713149;3319472.003163,82665026.288445,27.204377,60.299059;2129833.747943,52947412.092843,27.735093,48.874431;7743492.40157,167746102.02433,27.120315,86.93312;11180906.952285,257984363.130609,27.334854,106.383502;6272931.666808,165487265.335275,27.335415,86.328339
2025-04-01 11:37:11.714146;2025-04-01 11:37:12.781263;3319472.477944,82665040.778184,27.204378,60.299065;2129834.385473,52947438.01436,27.735097,48.874445;7743492.864533,167746111.805368,27.120315,86.933123;11181559.95695,257994276.751642,27.335095,106.386074;6272931.963999,165487339.481464,27.335415,86.328354
2025-04-01 11:37:12.781263;2025-04-01 11:37:13.821554;3319473.956859,82665306.697818,27.204508,60.299294;2129835.544623,52947695.787446,27.735327,48.874757;7743493.14364,167746116.211544,27.120315,86.933124;11182012.625638,257999077.88756,27.335219,106.387379;6272933.17953,165487475.601779,27.335451,86.328441
2025-04-01 11:37:13.822554;2025-04-01 11:37:14.897704;3319475.617325,82665361.929265,27.204509,60.299315;2129836.93254,52947746.134628,27.735331,48.874784;7743493.180228,167746125.830131,27.120315,86.933127;11182431.045322,258007050.33465,27.335114,106.388722;6272933.892053,165487530.339433,27.335452,86.328455
2025-04-01 11:37:14.898703;2025-04-01 11:37:15.944281;3319476.186295,82665371.529934,27.20451,60.299318;2129837.304299,52947755.508007,27.735333,48.874789;7743493.391416,167746130.955205,27.120316,86.933128;11182469.343786,258008176.487219,27.335121,106.388936;6272934.224257,165487541.128114,27.335452,86.328458
2025-04-01 11:37:15.944281;2025-04-01 11:37:17.017968;3319476.399311,82665377.809539,27.204512,60.299323;2129837.655526,52947765.339289,27.735339,48.874799;7743493.510304,167746135.087942,27.120316,86.933129;11182717.563772,258012816.939459,27.335114,106.389841;6272934.896947,165487582.53965,27.335452,86.328467
2025-04-01 11:37:17.018966;2025-04-01 11:37:18.083573;3319476.467719,82665389.283901,27.204513,60.299328;2129837.744179,52947787.84413,27.735343,48.874811;7743493.572805,167746138.483288,27.120316,86.93313;11182764.274612,258014087.652439,27.335081,106.390048;6272934.996786,165487595.070267,27.335453,86.328471
2025-04-01 11:37:18.083573;2025-04-01 11:37:19.147639;3319477.63673,82665449.902705,27.204527,60.299364;2129838.929047,52947849.718589,27.735368,48.87486;7743493.604633,167746141.63457,27.120316,86.933131;11182826.383918,258016816.823841,27.335069,106.390517;6272935.454815,165487622.26933,27.335457,86.328484
2025-04-01 11:37:19.148592;2025-04-01 11:37:20.185401;3319478.717342,82665456.968772,27.204529,60.29937;2129839.939425,52947859.773855,27.735374,48.874871;7743493.790459,167746143.197223,27.120316,86.933132;11182888.374471,258017164.963354,27.335058,106.390581;6272936.312885,165487630.412522,27.335458,86.328488
2025-04-01 11:37:20.186399;2025-04-01 11:37:21.255194;3319479.483711,82665506.859271,27.204547,60.299408;2129840.380686,52947909.828616,27.735407,48.874925;7743494.237392,167746149.325329,27.120316,86.933133;11182959.463353,258018340.272621,27.335063,106.390819;6272936.930109,165487660.815722,27.335463,86.328504
2025-04-01 11:37:21.256191;2025-04-01 11:37:22.310564;3319479.81966,82665541.888168,27.204548,60.29942;2129840.411929,52947942.504428,27.735411,48.874941;7743494.276625,167746154.545462,27.120316,86.933135;11182996.294725,258019379.200476,27.335058,106.391023;6272937.040045,165487688.89364,27.335464,86.328512
2025-04-01 11:37:22.311541;2025-04-01 11:37:23.378075;3319480.705198,82665549.402656,27.204551,60.299426;2129841.134871,52947954.608149,27.735418,48.874953;7743494.376491,167746156.091012,27.120316,86.933135;11183175.395025,258021638.401306,27.335015,106.391412;6272937.816955,165487698.877511,27.335465,86.328516
2025-04-01 11:37:23.378075;2025-04-01 11:37:24.433400;3319482.02108,82665567.989416,27.204555,60.299437;2129842.036833,52947978.333595,27.735426,48.874969;7743494.926667,167746163.302222,27.120316,86.933137;11183323.019056,258024451.251633,27.335205,106.392409;6272938.70106,165487714.372573,27.335467,86.328522
2025-04-01 11:37:24.434366;2025-04-01 11:37:25.501077;3319482.589288,82665572.580644,27.204557,60.299441;2129842.696806,52947988.284877,27.735432,48.874979;7743495.078332,167746167.116961,27.120316,86.933138;11183380.55897,258024851.050009,27.335195,106.392485;6272939.150941,165487721.404253,27.335468,86.328525
2025-04-01 11:37:25.501077;2025-04-01 11:37:26.551356;3319482.921631,82665763.938589,27.204614,60.299566;2129843.023371,52948149.479874,27.735525,48.875131;7743495.162405,167746172.471486,27.120317,86.93314;11183475.221527,258026292.842641,27.335182,106.392784;6272939.417153,165487808.922477,27.335485,86.328571
2025-04-01 11:37:26.552353;2025-04-01 11:37:27.642198;3319483.530276,82665775.278979,27.204617,60.299574;2129843.40188,52948162.119696,27.735534,48.875146;7743495.302503,167746179.532803,27.120317,86.933142;11183475.638772,258026301.699721,27.335183,106.392788;6272939.69719,165487819.689714,27.335486,86.328576
2025-04-01 11:37:27.642198;2025-04-01 11:37:28.688143;3319484.273353,82665820.503355,27.204621,60.299594;2129843.746416,52948194.65541,27.735543,48.875169;7743495.880878,167746186.901406,27.120317,86.933144;11184430.822825,258051580.540847,27.335009,106.397566;6272939.886325,165487847.476019,27.335488,86.328586
2025-04-01 11:37:28.688143;2025-04-01 11:37:29.743524;3319485.47796,82665832.044982,27.204621,60.299599;2129845.070656,52948203.874169,27.735545,48.875176;7743496.290455,167746189.576214,27.120317,86.933144;11184573.940918,258054652.872579,27.334933,106.398051;6272940.240456,165487860.969599,27.335488,86.328589
2025-04-01 11:37:29.744522;2025-04-01 11:37:30.797715;3319485.646648,82665842.890869,27.204624,60.299606;2129845.30713,52948220.496488,27.735553,48.87519;7743496.372383,167746191.39461,27.120317,86.933145;11185675.235069,258068162.928273,27.33491,106.401051;6272940.381324,165487871.0966,27.335489,86.328593
2025-04-01 11:37:30.797715;2025-04-01 11:37:31.841642;3319485.95984,82665863.495593,27.204625,60.299614;2129845.618398,52948239.210957,27.735557,48.875201;7743496.537486,167746193.456732,27.120317,86.933146;11187877.895156,258079797.306104,27.334823,106.403714;6272940.945074,165487888.265902,27.33549,86.328599
2025-04-01 11:37:31.842639;2025-04-01 11:37:32.919787;3319487.318228,82665891.387196,27.204628,60.299627;2129846.107185,52948281.584321,27.735563,48.875225;7743496.566245,167746197.68587,27.120317,86.933147;11188027.159392,258087260.348516,27.334736,106.405107;6272941.399383,165487909.258815,27.335491,86.328606
2025-04-01 11:37:32.920784;2025-04-01 11:37:33.980988;3319489.751581,82665909.0431,27.204629,60.299635;2129847.379789,52948296.969907,27.735569,48.875237;7743496.607277,167746201.53976,27.120317,86.933148;11188158.095563,258093047.554651,27.33499,106.406639;6272943.068387,165487924.398601,27.335492,86.328611
2025-04-01 11:37:33.981981;2025-04-01 11:37:35.042586;3319489.958695,82665916.847758,27.20463,60.299638;2129848.017571,52948313.004565,27.735569,48.875245;7743496.748181,167746205.305006,27.120317,86.933149;11195229.065168,258129003.22027,27.334402,106.41484;6272943.403046,165487934.065654,27.335492,86.328615
2025-04-01 11:37:35.043582;2025-04-01 11:37:36.100149;3319490.266609,82665943.321523,27.204631,60.29965;2129848.339488,52948330.470714,27.735576,48.875261;7743496.885643,167746213.247694,27.120317,86.933151;11202572.028119,258268158.214349,27.332265,106.440414;6272943.431696,165488005.522166,27.335492,86.32863
2025-04-01 11:37:36.101148;2025-04-01 11:37:37.159093;3319491.068331,82665961.167522,27.204633,60.299658;2129848.897921,52948349.332608,27.73558,48.875272;7743497.0337,167746216.720022,27.120317,86.933152;11202794.831445,258268460.883727,27.332243,106.440514;6272943.577598,165488015.707596,27.335493,86.328635
2025-04-01 11:37:37.160087;2025-04-01 11:37:38.218451;3319491.394062,82665986.557978,27.204641,60.299675;2129849.081723,52948362.132162,27.735596,48.875292;7743497.244883,167746218.884518,27.120317,86.933153;11202818.43664,258270203.453093,27.332246,106.440879;6272944.712961,165488033.442795,27.335496,86.328643
2025-04-01 11:37:38.219451;2025-04-01 11:37:39.272036;3319491.634867,82665992.662377,27.204642,60.299678;2129849.284683,52948371.795772,27.735599,48.875298;7743497.420619,167746220.941272,27.120317,86.933153;11203420.267916,258275225.495463,27.332143,106.441885;6272945.072817,165488064.517764,27.335496,86.32865
2025-04-01 11:37:39.272999;2025-04-01 11:37:40.323159;3319493.338418,82666140.027407,27.204707,60.299799;2129850.486524,52948502.90407,27.735698,48.875444;7743498.228904,167746226.942591,27.120318,86.933155;11203428.516227,258275448.453372,27.332151,106.441944;6272946.436325,165488149.532532,27.335513,86.328696
2025-04-01 11:37:40.323159;2025-04-01 11:37:41.396808;3319495.862001,82666178.49688,27.204707,60.299813;2129852.131866,52948539.010156,27.735703,48.875463;7743498.412577,167746231.634732,27.120318,86.933157;11203459.315381,258275783.545994,27.332145,106.442006;6272946.98994,165488181.274673,27.335514,86.328704
2025-04-01 11:37:41.397805;2025-04-01 11:37:42.451574;3319496.357216,82666197.157136,27.204709,60.299821;2129852.433615,52948563.150782,27.735708,48.875477;7743498.668185,167746237.20669,27.120318,86.933158;11203460.557969,258275831.526924,27.332145,106.442015;6272947.157668,165488196.97348,27.335515,86.328709
2025-04-01 11:37:42.451574;2025-04-01 11:37:43.521886;3319496.867778,82666218.274207,27.204711,60.299831;2129852.924403,52948583.275949,27.735713,48.875491;7743498.965587,167746247.022277,27.120318,86.93316;11203600.134051,258295967.383583,27.331988,106.44559;6272947.608349,165488219.60036,27.335515,86.328716
2025-04-01 11:37:43.523951;2025-04-01 11:37:44.598259;3319497.153978,82666224.366013,27.204712,60.299834;2129853.15792,52948591.026565,27.735715,48.875496;7743499.059073,167746249.31214,27.120318,86.933161;11204698.066153,258308238.93026,27.331831,106.447989;6272948.139931,165488226.624465,27.335516,86.328718
2025-04-01 11:37:44.599876;2025-04-01 11:37:45.638387;3319497.827698,82666253.340211,27.204719,60.299852;2129853.521721,52948616.042795,27.735728,48.875519;7743499.223795,167746258.04854,27.120318,86.933163;11204730.590996,258312039.494036,27.331935,106.448943;6272948.730366,165488271.041331,27.335518,86.328731
2025-04-01 11:37:45.638387;2025-04-01 11:37:46.697045;3319498.00663,82666260.87929,27.204721,60.299857;2129853.673684,52948637.609081,27.735732,48.875531;7743499.364338,167746261.466891,27.120318,86.933164;11204755.441618,258316713.379822,27.331991,106.449997;6272949.192601,165488324.584421,27.335518,86.328743
2025-04-01 11:37:46.697045;2025-04-01 11:37:47.752413;3319498.679072,82666276.774599,27.204722,60.299864;2129854.798989,52948661.144239,27.735736,48.875544;7743499.777738,167746269.520515,27.120318,86.933166;11204773.468498,258317311.01011,27.332006,106.450144;6272950.295837,165488339.085137,27.335519,86.328748
2025-04-01 11:37:47.752413;2025-04-01 11:37:48.832383;3319499.612775,82666294.071038,27.204722,60.299869;2129854.997657,52948695.208021,27.735735,48.875557;7743500.204305,167746272.187197,27.120318,86.933167;11206659.224175,258333297.389154,27.332255,106.454077;6272951.167053,165488355.498846,27.335519,86.328752
2025-04-01 11:37:48.833380;2025-04-01 11:37:49.892022;3319518.645614,82666496.309933,27.204933,60.300203;2129873.483447,52948918.419851,27.736049,48.875975;7743500.772831,167746276.751459,27.120319,86.933169;11206665.618271,258333466.044839,27.33229,106.454182;6272960.783416,165488455.581026,27.335579,86.328877
2025-04-01 11:37:49.893019;2025-04-01 11:37:50.959317;3319548.712033,82666600.98493,27.20493,60.30025;2129902.453402,52949007.199943,27.736049,48.876032;7743501.205212,167746281.402543,27.120319,86.933171;11206684.548282,258333575.92338,27.332288,106.454206;6272976.103526,165488527.050433,27.335579,86.328899
2025-04-01 11:37:50.960316;2025-04-01 11:37:52.000593;3319549.961399,82666618.79157,27.204933,60.300261;2129904.959182,52949030.661834,27.736058,48.876054;7743501.257563,167746289.216138,27.120319,86.933172;11206685.186101,258333592.512804,27.332289,106.454212;6272976.950471,165488541.649831,27.335581,86.328906
2025-04-01 11:37:52.001590;2025-04-01 11:37:53.048266;3319552.184435,82666701.504011,27.20496,60.300322;2129909.111863,52949146.06699,27.736094,48.876139;7743501.448428,167746301.069583,27.120319,86.933175;11206785.785308,258334902.75359,27.332303,106.454534;6272978.396161,165488605.087855,27.335588,86.328933
2025-04-01 11:37:53.049264;2025-04-01 11:37:54.127100;3319552.260674,82666706.040436,27.204961,60.300324;2129909.377969,52949154.865788,27.736095,48.876143;7743501.47869,167746303.91884,27.120319,86.933176;11206796.639091,258334938.260712,27.332302,106.454541;6272978.531231,165488610.212255,27.335588,86.328934
2025-04-01 11:37:54.129067;2025-04-01 11:37:55.166180;3319553.972069,82666828.302078,27.205011,60.30042;2129910.683682,52949270.131318,27.736171,48.876261;7743501.635876,167746306.625592,27.120319,86.933177;11206798.342994,258335000.253366,27.332311,106.45457;6272978.945898,165488664.750176,27.335603,86.32897
2025-04-01 11:37:55.166180;2025-04-01 11:37:56.233699;3319554.058263,82666837.237063,27.205013,60.300426;2129910.905072,52949279.690066,27.736177,48.876271;7743501.700545,167746308.42503,27.120319,86.933178;11206798.599887,258335007.71876,27.332312,106.454573;6272978.992043,165488668.968151,27.335604,86.328973
2025-04-01 11:37:56.233699;2025-04-01 11:37:57.278730;3319583.027517,82668158.682562,27.205803,60.301745;2129930.039846,52950434.956604,27.737375,48.877853;7743501.741292,167746317.117778,27.120322,86.933184;11206808.422504,258335548.321252,27.332447,106.454941;6272989.9851,165489247.843949,27.335835,86.32947
2025-04-01 11:37:57.279728;2025-04-01 11:37:58.372185;3319586.895696,82668248.246001,27.205802,60.301775;2129932.182905,52950520.773489,27.737376,48.877891;7743501.764572,167746324.727407,27.120322,86.933186;11206809.151549,258335570.11003,27.33245,106.454951;6272991.363589,165489328.105418,27.335835,86.329488
2025-04-01 11:37:58.373182;2025-04-01 11:37:59.420399;3319591.991103,82668334.061134,27.20584,60.301848;2129937.014076,52950600.00306,27.737435,48.87798;7743501.897783,167746336.213323,27.120322,86.933189;11206810.357241,258335894.114156,27.332457,106.45502;6272994.464237,165489385.56542,27.335845,86.329518
2025-04-01 11:37:59.422395;2025-04-01 11:38:00.489897;3319596.66166,82668377.724256,27.205841,60.301866;2129942.042775,52950640.029181,27.73744,48.878004;7743502.233055,167746339.01985,27.120323,86.93319;11206876.079835,258339543.876969,27.332484,106.455776;6273002.306224,165489421.224551,27.335845,86.32953
2025-04-01 11:38:00.490894;2025-04-01 11:38:01.549133;3319599.859159,82668423.630129,27.205842,60.301884;2129944.193052,52950676.865913,27.737444,48.878025;7743502.246178,167746341.39453,27.120323,86.933191;11206951.470445,258339842.179815,27.332476,106.45584;6273003.223374,165489447.964277,27.335846,86.329537
2025-04-01 11:38:01.550133;2025-04-01 11:38:02.609746;3319630.298032,82670575.685667,27.20702,60.303905;2129966.082734,52952537.110939,27.739207,48.880403;7743502.751235,167746356.208587,27.120328,86.933202;11214575.658107,258502555.756719,27.331797,106.486478;6273012.773969,165490416.741835,27.336197,86.330308
2025-04-01 11:38:02.610711;2025-04-01 11:38:03.706633;3319630.301169,82670579.273961,27.20702,60.303907;2129966.678563,52952540.78665,27.739208,48.880406;7743502.905228,167746358.456864,27.120328,86.933203;11214861.539939,258502968.353098,27.331764,106.486597;6273012.795162,165490421.196132,27.336197,86.33031
2025-04-01 11:38:03.707630;2025-04-01 11:38:04.715165;3319632.896198,82670814.554567,27.207163,60.304144;2129968.018409,52952750.704165,27.739421,48.880686;7743502.932579,167746364.840022,27.120329,86.933205;11214921.070743,258510338.517248,27.331983,106.488443;6273013.846619,165490556.020802,27.336239,86.330407
2025-04-01 11:38:04.716163;2025-04-01 11:38:05.800028;3319633.532945,82670830.065921,27.207165,60.304151;2129968.410335,52952771.628166,27.739424,48.880698;7743503.018286,167746368.059991,27.120329,86.933206;11225523.00481,258865042.400548,27.334798,106.557905;6273014.380094,165490571.526534,27.33624,86.330412
2025-04-01 11:38:05.801651;2025-04-01 11:38:06.862704;3319633.982115,82670845.175638,27.207167,60.304158;2129968.890424,52952797.593447,27.739431,48.880713;7743503.091903,167746371.473749,27.120329,86.933207;11228182.025356,258918896.796239,27.33448,106.568989;6273014.749484,165490627.506739,27.336241,86.330425
2025-04-01 11:38:06.863702;2025-04-01 11:38:07.922336;3319634.657077,82670862.451315,27.207169,60.304167;2129970.60474,52952814.760487,27.739435,48.880727;7743503.14303,167746373.174204,27.120329,86.933208;11228215.755193,258920223.589143,27.334467,106.56923;6273015.093107,165490634.934271,27.336242,86.33043
2025-04-01 11:38:07.923304;2025-04-01 11:38:08.994108;3319661.033189,82673583.745298,27.208765,60.30685;2129994.426487,52955210.959607,27.741775,48.883855;7743503.446914,167746385.255381,27.120335,86.933221;11228218.449349,258922473.158908,27.334739,106.570205;6273023.603463,165491834.408116,27.336724,86.331462
2025-04-01 11:38:08.995105;2025-04-01 11:38:10.036465;3319672.179444,82673658.209888,27.208767,60.306883;2130005.592277,52955306.642128,27.741773,48.883904;7743503.479651,167746387.61418,27.120335,86.933222;11228849.706625,258961862.402682,27.335346,106.578823;6273026.099008,165491873.947988,27.336726,86.331475
2025-04-01 11:38:10.037460;2025-04-01 11:38:11.090991;3319673.091168,82673703.714317,27.208788,60.306921;2130006.77875,52955345.011957,27.741807,48.883949;7743503.587612,167746390.319796,27.120336,86.933223;11228856.851269,258963385.093475,27.335331,106.579075;6273026.392964,165491896.698482,27.336734,86.331492
2025-04-01 11:38:11.092985;2025-04-01 11:38:12.157417;3319677.845208,82674675.123168,27.20928,60.307738;2130009.673073,52956187.533777,27.742535,48.884896;7743503.704191,167746404.15284,27.120338,86.933229;11229281.302886,259095917.58493,27.336382,106.605749;6273028.014847,165492337.292923,27.336887,86.33181
2025-04-01 11:38:12.158415;2025-04-01 11:38:13.218714;3319677.905668,82674679.979039,27.209281,60.307741;2130009.882579,52956197.839551,27.742537,48.884904;7743503.745875,167746406.336887,27.120338,86.93323;11229364.716926,259097528.219176,27.336354,106.606035;6273028.137538,165492340.696727,27.336888,86.331812
2025-04-01 11:38:13.219712;2025-04-01 11:38:14.263682;3319679.814756,82675586.457749,27.209641,60.308428;2130011.141793,52956933.986092,27.743063,48.885673;7743503.834691,167746413.812137,27.120339,86.933233;11231386.495765,259158398.968444,27.3363,106.617552;6273029.048335,165492744.705448,27.336996,86.332071
2025-04-01 11:38:14.264680;2025-04-01 11:38:15.356103;3319680.052739,82675600.341122,27.209643,60.308435;2130011.299383,52956958.135241,27.743068,48.885688;7743503.89097,167746419.703003,27.120339,86.933235;11234558.944404,259188299.749022,27.335449,106.622591;6273029.282507,165492758.790133,27.336997,86.332076
2025-04-01 11:38:15.357100;2025-04-01 11:38:16.394260;3319682.692492,82675668.302427,27.209678,60.308497;2130013.253008,52957017.389427,27.74312,48.88576;7743504.548441,167746423.056358,27.120339,86.933236;11234560.846085,259188324.927048,27.335454,106.622607;6273030.334481,165492791.585167,27.337008,86.3321
2025-04-01 11:38:16.395259;2025-04-01 11:38:17.465693;3319683.328025,82675685.063057,27.20968,60.308505;2130014.875879,52957033.1212,27.743125,48.885772;7743504.622773,167746428.385541,27.120339,86.933237;11234561.994869,259188394.582017,27.335454,106.62262;6273030.769629,165492802.393829,27.337009,86.332105
2025-04-01 11:38:17.466701;2025-04-01 11:38:18.518551;3319683.532594,82675700.059164,27.209681,60.30851;2130015.146173,52957044.995743,27.743126,48.885778;7743504.822905,167746433.58081,27.120339,86.933239;11235369.034123,259196900.576417,27.335334,106.624213;6273033.299517,165492855.326749,27.337008,86.332116
2025-04-01 11:38:18.519549;2025-04-01 11:38:19.580034;3319683.699874,82675714.012774,27.209683,60.308517;2130015.551938,52957058.752493,27.743132,48.885789;7743505.112296,167746438.359383,27.120339,86.93324;11235417.490045,259201467.898401,27.335497,106.625526;6273034.404973,165492887.763272,27.337009,86.332124
2025-04-01 11:38:19.580998;2025-04-01 11:38:20.635915;3319685.16256,82675743.844708,27.209714,60.308561;2130017.569607,52957088.257551,27.743176,48.885841;7743505.821326,167746443.79312,27.120339,86.933241;11235470.202028,259203697.776575,27.33552,106.626023;6273039.476921,165492913.427729,27.337018,86.332145
2025-04-01 11:38:20.636819;2025-04-01 11:38:21.784953;3319689.324917,82675828.093857,27.209724,60.308599;2130022.394598,52957136.22279,27.743194,48.88588;7743506.233926,167746451.286885,27.120339,86.933243;11235482.724331,259209762.801172,27.335598,106.627326;6273045.089959,165492976.258519,27.33702,86.332165
2025-04-01 11:38:21.784953;2025-04-01 11:38:22.762777;3319690.253021,82675841.625727,27.209725,60.308607;2130022.807522,52957149.17403,27.743199,48.885891;7743506.258075,167746453.494166,27.12034,86.933244;11235514.83057,259211161.819129,27.335637,106.627722;6273045.367654,165492986.098711,27.337021,86.332169
2025-04-01 11:38:22.763775;2025-04-01 11:38:23.815075;3319690.721193,82675863.665593,27.209727,60.308616;2130023.092152,52957166.241867,27.743202,48.885902;7743506.439143,167746457.283995,27.12034,86.933245;11235987.128048,259220342.451103,27.335967,106.630402;6273047.402901,165493013.514714,27.337022,86.332176
2025-04-01 11:38:23.816074;2025-04-01 11:38:24.874980;3319690.777075,82675873.63946,27.20973,60.308622;2130023.227981,52957176.260774,27.743208,48.885912;7743506.46596,167746458.924242,27.12034,86.933246;11236080.403896,259221723.876048,27.33595,106.630647;6273047.809615,165493019.41139,27.337023,86.33218
2025-04-01 11:38:24.875977;2025-04-01 11:38:25.933268;3319691.062969,82675898.577709,27.209732,60.308632;2130024.079229,52957196.249162,27.743214,48.885926;7743507.614055,167746462.414509,27.12034,86.933247;11236088.20093,259224307.992602,27.335993,106.631222;6273049.878021,165493036.9455,27.337025,86.332187
2025-04-01 11:38:25.934239;2025-04-01 11:38:27.011525;3319691.363367,82675945.728159,27.209732,60.308649;2130024.439268,52957207.364933,27.743217,48.885933;7743507.711121,167746465.381486,27.12034,86.933248;11236088.718828,259224312.781584,27.335994,106.631224;6273050.504008,165493079.4864,27.337024,86.332196
2025-04-01 11:38:27.012522;2025-04-01 11:38:28.068348;3319691.968595,82675969.74006,27.209735,60.30866;2130024.640807,52957230.033894,27.743225,48.88595;7743507.741607,167746474.354963,27.12034,86.93325;11236222.835109,259225860.347525,27.336029,106.631677;6273050.728901,165493098.48002,27.337026,86.332203
2025-04-01 11:38:28.068348;2025-04-01 11:38:29.132763;3319692.36598,82675986.831134,27.209736,60.308668;2130024.820941,52957240.864193,27.743229,48.885958;7743507.828177,167746476.741258,27.12034,86.933251;11236527.640987,259241810.351211,27.336229,106.635112;6273051.117502,165493110.402783,27.337027,86.332207
2025-04-01 11:38:29.133732;2025-04-01 11:38:30.188071;3319692.677334,82676015.792884,27.209738,60.308679;2130025.216871,52957267.750592,27.743234,48.885974;7743507.912668,167746481.836125,27.12034,86.933253;11236838.610437,259244613.957626,27.336303,106.635784;6273051.26908,165493127.88497,27.337028,86.332213
2025-04-01 11:38:30.189068;2025-04-01 11:38:31.242648;3319693.452524,82676044.67486,27.20974,60.308691;2130025.741728,52957279.899975,27.743239,48.885984;7743508.301698,167746487.13463,27.12034,86.933254;11236965.03033,259246178.800279,27.336287,106.636072;6273052.571089,165493142.509026,27.337029,86.332219
2025-04-01 11:38:31.245890;2025-04-01 11:38:32.309004;3319693.981064,82676054.343309,27.209742,60.308697;2130026.055482,52957294.845375,27.743243,48.885996;7743508.357972,167746488.778439,27.120341,86.933255;11237001.046539,259247243.852811,27.336284,106.636278;6273052.777101,165493151.553014,27.33703,86.332223
2025-04-01 11:38:32.309004;2025-04-01 11:38:33.358538;3319695.158756,82676572.873903,27.21001,60.309163;2130027.306458,52957714.974401,27.743615,48.886507;7743508.907952,167746508.877026,27.120341,86.933261;11237349.198987,259252064.88803,27.336406,106.637552;6273053.205281,165493424.880699,27.337112,86.332414
2025-04-01 11:38:33.359532;2025-04-01 11:38:34.423382;3319696.408546,82676600.059879,27.210013,60.309175;2130027.632823,52957741.88349,27.743621,48.886522;7743508.997445,167746511.363052,27.120341,86.933261;11237539.955518,259258229.308867,27.336306,106.638659;6273053.721366,165493443.646299,27.337114,86.332421
2025-04-01 11:38:34.424379;2025-04-01 11:38:35.479040;3319697.413961,82676619.099674,27.210014,60.309183;2130027.933453,52957759.220364,27.743623,48.886532;7743509.348503,167746517.033668,27.120342,86.933263;11237882.390681,259270356.640067,27.336515,106.641517;6273053.921721,165493463.466816,27.337114,86.332426
2025-04-01 11:38:35.483996;2025-04-01 11:38:36.541632;3319698.550009,82676663.854667,27.210015,60.309201;2130028.741122,52957767.106569,27.743626,48.886539;7743509.583701,167746523.498544,27.120342,86.933264;11237967.001978,259291543.456023,27.336751,106.646203;6273054.955901,165493500.469593,27.337115,86.332435
2025-04-01 11:38:36.542592;2025-04-01 11:38:37.608371;3319699.673529,82676694.140618,27.210017,60.309213;2130029.998753,52957796.744573,27.743629,48.886555;7743509.747944,167746527.720186,27.120342,86.933266;11237967.524235,259291558.887528,27.336752,106.646207;6273055.926339,165493521.572421,27.337116,86.332441
2025-04-01 11:38:37.609368;2025-04-01 11:38:38.657382;3319704.946059,82676781.672272,27.210065,60.309299;2130032.916629,52957867.098512,27.743697,48.886648;7743510.416155,167746535.886108,27.120342,86.933268;11237969.176152,259291592.701673,27.336759,106.646229;6273058.003114,165493567.935793,27.337131,86.332478
2025-04-01 11:38:38.658379;2025-04-01 11:38:39.717499;3319706.523527,82676798.361659,27.210067,60.309307;2130035.182457,52957887.882501,27.7437,48.886662;7743511.429806,167746541.333243,27.120342,86.93327;11237970.916423,259291606.626312,27.33676,106.646233;6273059.370525,165493581.153499,27.337132,86.332484
2025-04-01 11:38:39.717499;2025-04-01 11:38:40.767918;3319709.780887,82676943.269687,27.2101,60.309395;2130037.210846,52957992.272826,27.743746,48.886752;7743511.616887,167746548.42392,27.120342,86.933272;11238169.51951,259294916.188873,27.336715,106.646805;6273060.922609,165493658.079574,27.337143,86.332519
2025-04-01 11:38:40.768915;2025-04-01 11:38:41.829439;3319710.221139,82676948.34883,27.2101,60.309397;2130037.692246,52957998.356935,27.743747,48.886755;7743511.691833,167746550.674476,27.120342,86.933272;11238214.195782,259295158.025842,27.336707,106.646854;6273061.674559,165493663.633073,27.337143,86.332521
