Estimulo;C1;C2;C3;C4;C5
0;339172.053496,24415433.318739,32.554596,36.022087;827876.80552,35034551.34455,29.76221,40.73644;406573.666218,24218519.647987,32.989687,36.27678;927332.277989,33203240.130616,30.639364,40.578299;794768.912616,37133910.606504,29.942485,42.150582
0;339172.288632,24415451.028118,32.554594,36.022098;827877.125855,35034584.725981,29.762212,40.736459;406574.216474,24218568.696272,32.989688,36.276817;927332.779546,33203290.527678,30.63937,40.578334;794814.396549,37134511.5532,29.942452,42.150927
0;339173.484103,24415468.190939,32.554592,36.02211;827878.463626,35034629.1001,29.76222,40.736494;406575.95585,24218665.619022,32.989697,36.2769;927334.998907,33203388.30446,30.639388,40.578412;794814.750433,37134569.283797,29.942475,42.151003
0;339173.889459,24415485.305999,32.554597,36.022127;827879.546392,35034680.12389,29.762252,40.736553;406577.850054,24218769.211866,32.989749,36.277036;927337.721215,33203486.299123,30.639453,40.57854;794818.725862,37134806.212973,29.942548,42.151208
0;339174.065655,24415500.526712,32.5546,36.02214;827879.816354,35034728.843609,29.762271,40.736598;406578.644081,24218869.550233,32.98978,36.277142;927338.490137,33203590.989746,30.639493,40.578641;794819.542135,37134850.878679,29.942564,42.151247
0;339174.346956,24415509.130483,32.5546,36.022147;827881.138358,35034769.444078,29.762276,40.736628;406581.516831,24218964.985689,32.989777,36.277216;927341.739037,33203694.641874,30.639498,40.578713;794820.222483,37134870.460364,29.942566,42.15126
0;339176.200517,24415549.367647,32.554596,36.022172;827884.823111,35034880.77428,29.762293,40.736701;406587.489565,24219198.668792,32.989793,36.277389;927348.277984,33203935.790841,30.639536,40.578878;794863.045282,37136520.630392,29.942399,42.151997
0;339179.737733,24415570.417602,32.554592,36.022188;827892.053124,35034929.370515,29.762297,40.736741;406599.659813,24219314.347226,32.989785,36.27749;927359.518625,33204047.836066,30.639544,40.578971;794873.886758,37136605.31063,29.942399,42.152051
0;339180.796405,24415590.838163,32.554587,36.0222;827894.323381,35034967.49616,29.762298,40.736768;406603.514881,24219402.108626,32.989777,36.277557;927362.939181,33204138.259453,30.639546,40.579034;794878.076389,37136634.345242,29.942398,42.15207
0;339181.683709,24415637.204199,32.554592,36.02224;827896.671424,35035117.412339,29.76235,40.736907;406610.685982,24219726.759846,32.989846,36.277889;927368.332677,33204474.674682,30.639651,40.579348;794886.144138,37136976.623615,29.942427,42.152289
0;339181.798988,24415650.128355,32.554594,36.022251;827897.35233,35035193.040815,29.762363,40.736959;406612.302592,24219909.599366,32.98985,36.278023;927369.965632,33204676.751311,30.639674,40.579483;794886.306924,37137004.462325,29.94243,42.152307
0;339186.275868,24415687.183713,32.554586,36.022276;827901.553505,35035304.921735,29.762369,40.737033;406618.635346,24220144.925334,32.989836,36.278201;927375.823741,33204931.273117,30.639684,40.579657;794890.826569,37137069.110384,29.942425,42.152342
0;339194.30564,24415766.24735,32.554572,36.022328;827909.850019,35035512.429906,29.762393,40.737174;406627.692101,24220581.6068,32.989842,36.278525;927384.244662,33205394.118355,30.639737,40.579974;794898.833356,37137174.222863,29.942424,42.152404
0;339194.853356,24415776.548994,32.554574,36.022338;827910.205942,35035561.905602,29.76241,40.737216;406628.169609,24220707.525346,32.989863,36.278633;927384.881379,33205527.520791,30.63977,40.580079;794899.105377,37137195.237337,29.942429,42.15242
0;339194.925999,24415787.347705,32.554574,36.022346;827910.665744,35035605.759701,29.762414,40.737244;406629.360531,24220804.068094,32.989859,36.2787;927385.887274,33205625.444153,30.639777,40.580142;794899.346935,37137209.931129,29.94243,42.152429
0;339194.970786,24415797.236463,32.554581,36.02236;827910.720619,35035652.727649,29.762446,40.737304;406629.617517,24220911.060788,32.989912,36.278844;927386.298893,33205739.260204,30.639843,40.580285;794899.367644,37137227.305746,29.94244,42.15245
0;339195.063506,24415806.481858,32.554583,36.022368;827911.66419,35035706.584059,29.762459,40.737344;406632.628763,24221043.004516,32.989923,36.278948;927389.625891,33205878.72461,30.639867,40.580387;794899.606185,37137244.212463,29.942445,42.152463
1;339195.104108,24415823.259944,32.554585,36.022382;827912.049012,35035775.507239,29.762483,40.737403;406633.904158,24221199.630454,32.989956,36.279096;927390.761997,33206048.372643,30.639919,40.580535;794899.710891,37137274.923635,29.942452,42.152486
0;339196.841173,24415863.931746,32.554581,36.022409;827915.067757,35035849.793287,29.762514,40.73747;406638.719725,24221325.386759,32.990022,36.279238;927395.520701,33206184.011835,30.639999,40.580679;794901.993435,37137314.707676,29.94246,42.152515
4;339197.222717,24415881.926377,32.554579,36.02242;827916.428715,35035905.478158,29.762515,40.737505;406640.999678,24221451.161164,32.990011,36.279326;927398.129654,33206324.323071,30.64,40.580766;794902.92097,37137365.545616,29.94246,42.152545
0;339198.011361,24415900.057533,32.554582,36.022436;827917.041588,35035975.152416,29.762539,40.737563;406641.77046,24221620.270418,32.990039,36.279472;927399.056835,33206505.279463,30.640046,40.580909;794903.476987,37137429.338742,29.942476,42.152593
1;339198.231658,24415922.635941,32.554586,36.022454;827917.609502,35036036.622114,29.762576,40.73763;406643.355397,24221763.155882,32.990104,36.279639;927400.384413,33206662.957012,30.640129,40.581079;794903.793589,37137457.91609,29.942492,42.152623
0;339198.923267,24415942.155337,32.554594,36.022474;827919.957515,35036123.814933,29.76263,40.737718;406649.504929,24221968.64733,32.9902,36.279855;927406.70431,33206882.152261,30.640249,40.581296;794904.788602,37137498.301848,29.942515,42.152663
0;339199.082919,24415956.340248,32.554594,36.022485;827920.612605,35036173.804631,29.762641,40.737757;406650.862821,24222073.91096,32.99021,36.279949;927408.284989,33206994.851763,30.64027,40.581389;794905.029398,37137539.087528,29.942518,42.152689
3;339200.786963,24415976.056315,32.554594,36.022501;827921.517988,35036232.672119,29.762658,40.737809;406651.634961,24222205.040768,32.990231,36.280073;927409.014432,33207135.76395,30.640306,40.581511;794905.66885,37137590.550759,29.942533,42.152731
0;339201.604102,24416033.725363,32.554588,36.022534;827922.741533,35036294.931776,29.762681,40.737867;406653.202243,24222346.566487,32.990265,36.280213;927409.999901,33207282.273575,30.640357,40.581647;794906.430712,37137633.072951,29.942547,42.152767
1;339201.6267,24416045.057738,32.554589,36.022544;827923.005362,35036335.087236,29.762696,40.737904;406654.084388,24222444.008821,32.990283,36.280306;927411.001517,33207384.090504,30.640386,40.581738;794907.365776,37137674.994502,29.942553,42.152796
0;339202.589942,24416081.647991,32.554591,36.022574;827924.742768,35036447.581717,29.762737,40.738012;406657.880228,24222666.848345,32.990343,36.280559;927414.924498,33207623.904536,30.640476,40.581989;794914.95672,37137808.556477,29.942664,42.152971
1;339202.82705,24416094.125572,32.554589,36.022581;827926.669039,35036479.738092,29.762738,40.738033;406662.676234,24222729.236904,32.99034,36.280608;927420.428394,33207695.973436,30.640477,40.582039;794919.43089,37137826.755523,29.942661,42.152983
0;339203.054,24416116.607347,32.554593,36.0226;827926.992173,35036583.620711,29.762772,40.738116;406662.827398,24222978.64421,32.990385,36.280817;927420.71602,33207964.028253,30.640547,40.582248;794919.719741,37137873.782622,29.942672,42.153017
1;339204.087519,24416130.764025,32.554594,36.022614;827927.95108,35036626.750856,29.762794,40.738166;406664.049987,24223074.22703,32.99042,36.280938;927422.029759,33208064.362796,30.640594,40.582368;794920.492305,37137894.490425,29.942681,42.15304
0;339204.166741,24416143.119135,32.554602,36.022627;827928.321399,35036705.210303,29.762831,40.738233;406664.94597,24223287.917727,32.990473,36.281116;927422.84204,33208288.236662,30.64067,40.582544;794920.59395,37137927.372579,29.942695,42.153067
0;339204.299529,24416165.336786,32.554599,36.022642;827928.836322,35036772.969259,29.762836,40.738277;406666.717858,24223434.020103,32.990463,36.281221;927424.614012,33208436.348921,30.640678,40.582645;794920.728138,37137955.015421,29.942696,42.153083
1;339204.526234,24416177.860532,32.5546,36.022652;827929.459186,35036818.977151,29.762852,40.738319;406667.762892,24223535.548094,32.990487,36.281323;927425.718574,33208536.074943,30.640714,40.582742;794921.053684,37137976.227515,29.942699,42.153098
0;339205.688303,24416210.043,32.554597,36.022673;827931.273158,35036925.414605,29.762873,40.738394;406671.249688,24223755.284244,32.990509,36.281498;927429.869199,33208763.078267,30.640761,40.582914;794921.847864,37138022.724766,29.942704,42.153127
3;339206.133655,24416221.275135,32.554599,36.022684;827932.740993,35036979.023994,29.762885,40.738437;406675.797142,24223883.588659,32.990518,36.281607;927434.581437,33208902.16378,30.640784,40.583022;794922.800287,37138044.428564,29.942708,42.153143
0;339206.47297,24416232.554553,32.554604,36.022697;827933.22826,35037037.873077,29.762909,40.738495;406676.691033,24224023.914628,32.990548,36.281747;927435.65623,33209051.663406,30.640831,40.583162;794923.041886,37138066.001819,29.942715,42.153163
3;339206.78026,24416251.826235,32.554603,36.022711;827933.475906,35037060.038147,29.762921,40.738523;406677.441583,24224082.178103,32.990563,36.281816;927437.056182,33209110.3805,30.640854,40.583227;794930.688674,37138167.317324,29.942728,42.153236
0;339207.482533,24416262.814108,32.554605,36.022721;827934.539859,35037107.054244,29.762933,40.73856;406679.172262,24224196.560814,32.990575,36.281908;927438.728899,33209229.456998,30.640879,40.583318;794930.791833,37138188.459517,29.942734,42.153255
0;339207.536491,24416303.370047,32.5546,36.022743;827934.731312,35037183.034738,29.762943,40.738612;406679.535919,24224359.088216,32.990576,36.282031;927439.121358,33209404.607946,30.640899,40.583441;794930.884983,37138221.879278,29.942739,42.153277
2;339208.631392,24416311.130903,32.554602,36.022751;827936.541051,35037222.161209,29.762958,40.738645;406682.300491,24224454.587144,32.990597,36.282115;927442.327138,33209506.459813,30.640929,40.583524;794932.414118,37138234.712272,29.942744,42.153289
0;339209.688755,24416366.569276,32.554595,36.022782;827939.388677,35037398.361944,29.762955,40.738742;406688.182781,24224842.816401,32.990538,36.282356;927449.00173,33209928.512405,30.640907,40.58376;794934.063691,37138301.128436,29.942743,42.153325
1;339209.800037,24416381.128067,32.554596,36.022794;827940.878453,35037468.201566,29.762967,40.738795;406691.640892,24225009.545585,32.990542,36.282492;927453.338231,33210105.037429,30.640928,40.583892;794934.600032,37138328.46776,29.942746,42.153344
0;339210.778636,24416397.302327,32.5546,36.022811;827947.709483,35037547.416966,29.762991,40.738871;406706.349625,24225208.131765,32.990557,36.282685;927470.313015,33210324.889402,30.640968,40.58409;794937.081559,37138356.596354,29.942753,42.15337
2;339210.877703,24416411.604307,32.554602,36.022823;827948.145631,35037609.647293,29.763007,40.738924;406708.332288,24225344.193105,32.99057,36.282815;927472.367951,33210466.69696,30.640999,40.584217;794937.188633,37138379.202554,29.942758,42.153388
0;339211.25862,24416423.154633,32.554602,36.022832;827948.969549,35037661.978807,29.763014,40.738959;406709.561263,24225475.810833,32.990567,36.282907;927473.52558,33210606.896548,30.641008,40.584306;794937.579107,37138402.942192,29.94276,42.153403
4;339211.409095,24416444.705746,32.554603,36.022849;827950.047882,35037745.083883,29.763029,40.739023;406712.703779,24225689.519077,32.990566,36.283072;927476.69509,33210830.331128,30.641034,40.584468;794938.135053,37138438.853489,29.942767,42.153431
0;339212.294604,24416476.663584,32.554596,36.022867;827951.111311,35037794.905455,29.76304,40.739063;406714.529476,24225791.532947,32.990581,36.283167;927478.851497,33210936.285766,30.641061,40.58456;794939.109455,37138466.147201,29.942771,42.15345
0;339213.568712,24416491.66063,32.554596,36.022878;827952.709282,35037854.479947,29.76305,40.739104;406717.616286,24225941.521836,32.99058,36.283273;927481.708671,33211088.20969,30.641077,40.584661;794940.117745,37138490.352057,29.942775,42.153467
4;339213.703138,24416501.564936,32.554599,36.022889;827952.798382,35037896.584757,29.763068,40.739145;406718.044794,24226036.837621,32.990609,36.283375;927482.168049,33211190.077199,30.641115,40.584762;794940.339864,37138512.905043,29.942783,42.153488
0;339213.752915,24416512.00721,32.5546,36.022896;827953.13457,35037935.577427,29.763073,40.739168;406718.960873,24226125.101018,32.990609,36.283433;927483.297821,33211283.401285,30.641124,40.584818;794940.538572,37138528.690916,29.942786,42.153498
2;339213.949443,24416529.558397,32.554602,36.02291;827953.709366,35038021.934119,29.763092,40.739231;406720.789327,24226329.436977,32.990628,36.283594;927484.981378,33211502.963613,30.641164,40.584978;794940.73983,37138568.298084,29.942793,42.153525
0;339217.179412,24416565.63575,32.554594,36.022933;827959.701552,35038106.76067,29.763089,40.739281;406732.244084,24226492.750438,32.990603,36.283701;927497.133426,33211685.3191,30.641155,40.585085;794944.609502,37138615.605282,29.94279,42.153551
2;339217.450712,24416575.677879,32.554596,36.022943;827960.647898,35038153.736345,29.763106,40.739328;406734.348387,24226603.051744,32.990624,36.283818;927499.363143,33211805.113329,30.64119,40.585204;794945.200318,37138637.858191,29.942797,42.153572
0;339218.411918,24416588.842909,32.554596,36.022952;827962.462995,35038190.374446,29.763113,40.739355;406737.518228,24226685.53695,32.990628,36.283885;927502.608558,33211898.840726,30.641202,40.585271;794945.92185,37138652.556398,29.942798,42.153581
3;339218.7943,24416599.735534,32.554596,36.022962;827963.280447,35038238.181043,29.763122,40.739393;406738.935626,24226793.216357,32.990635,36.283979;927504.061088,33212010.233005,30.64122,40.585363;794946.290156,37138667.170153,29.942802,42.153594
0;339218.992849,24416615.562984,32.5546,36.022977;827963.723663,35038308.947903,29.763147,40.739454;406740.356715,24226962.675832,32.990665,36.284131;927505.707571,33212187.469695,30.641269,40.585511;794946.442796,37138693.165351,29.94281,42.153615
0;339220.852082,24416639.289997,32.554599,36.022994;827966.763703,35038380.408354,29.763159,40.739506;406744.953793,24227119.272112,32.990672,36.284256;927510.310379,33212350.470288,30.641294,40.585633;794948.59121,37138727.251794,29.942812,42.153637
2;339222.49001,24416655.30933,32.554597,36.023005;827969.86266,35038424.472665,29.763169,40.73954;406749.482416,24227224.78431,32.990681,36.284341;927514.77577,33212459.248273,30.641313,40.585714;794950.453191,37138744.970916,29.942814,42.15365
0;339222.641301,24416678.275876,32.554595,36.02302;827970.540013,35038489.3058,29.763173,40.739582;406751.072822,24227360.728835,32.990673,36.28444;927516.043202,33212600.498666,30.64132,40.585808;794950.80988,37138766.218748,29.942816,42.153664
4;339222.915015,24416699.2197,32.554594,36.023033;827970.880582,35038563.544135,29.763184,40.739629;406751.577428,24227521.525429,32.990679,36.284552;927516.494462,33212771.454726,30.641339,40.585916;794950.971527,37138790.75047,29.94282,42.153679
0;339223.239062,24416709.538301,32.554597,36.023044;827971.333192,35038600.206186,29.7632,40.739672;406752.77451,24227604.838941,32.990701,36.28466;927517.785919,33212861.156266,30.641374,40.586026;794951.179371,37138806.851518,29.942826,42.153696
3;339224.878054,24416732.97238,32.554595,36.023064;827973.108394,35038676.54834,29.763215,40.739729;406754.411914,24227766.976145,32.990713,36.284793;927519.908716,33213020.198391,30.641407,40.586151;794953.952504,37138947.38477,29.942834,42.153781
0;339228.408191,24416741.014642,32.554594,36.023073;827977.643571,35038702.117681,29.76322,40.739753;406759.027711,24227831.357315,32.990716,36.284853;927524.101876,33213089.234335,30.641418,40.58621;794958.703672,37138971.7794,29.942833,42.153798
1;339228.503993,24416752.109865,32.554593,36.02308;827978.103331,35038727.710503,29.763226,40.739776;406759.957936,24227888.500113,32.990721,36.284909;927524.809369,33213153.896485,30.641431,40.586267;794958.942896,37138985.368455,29.942834,42.153808
0;339228.982188,24416769.021021,32.554597,36.023098;827980.771923,35038795.364583,29.763254,40.739841;406765.187458,24228038.377745,32.990759,36.285063;927530.801107,33213316.491164,30.641487,40.586422;794960.120718,37139009.348701,29.942843,42.15383
3;339229.04958,24416785.836057,32.554596,36.023109;827981.062228,35038858.25697,29.763262,40.739887;406765.909798,24228174.050727,32.990759,36.285172;927531.412878,33213465.314925,30.641503,40.586532;794960.174777,37139034.971232,29.942845,42.153847
0;339231.031226,24416803.113497,32.5546,36.023129;827985.397331,35038944.433004,29.763295,40.739976;406773.568929,24228391.831302,32.990798,36.285402;927539.3338,33213693.615506,30.641573,40.586761;794962.427271,37139070.37195,29.942855,42.15388
0;339231.924778,24416823.815709,32.554597,36.023141;827987.094704,35039005.161032,29.763294,40.74001;406776.397753,24228513.516382,32.99078,36.285475;927541.637066,33213834.37005,30.641565,40.586836;794962.741371,37139095.017589,29.942854,42.153892
2;339232.049661,24416835.897037,32.554598,36.023152;827987.392607,35039065.191092,29.763306,40.740055;406776.908501,24228654.084551,32.990788,36.285587;927542.144165,33213993.524456,30.641586,40.586951;794962.915257,37139117.777686,29.942857,42.153909
0;339236.198782,24416895.172001,32.554584,36.023185;827991.288312,35039146.785278,29.763313,40.740113;406779.615682,24228800.473258,32.990792,36.285708;927544.279784,33214149.484967,30.641609,40.587071;794967.524492,37139171.527986,29.942857,42.153943
2;339236.9438,24416913.705252,32.554583,36.023199;827992.487299,35039219.912784,29.763324,40.740166;406781.874054,24228968.358417,32.990793,36.285835;927547.655878,33214333.492308,30.641628,40.587201;794968.874274,37139255.965705,29.942875,42.154006
0;339239.970063,24416937.054063,32.55458,36.023217;827997.943386,35039274.57859,29.763337,40.740221;406789.935362,24229080.307074,32.990803,36.285961;927555.217617,33214469.442749,30.641654,40.587332;794975.137097,37139302.126107,29.942884,42.154049
4;339242.402246,24416959.542945,32.554576,36.023233;828004.278043,35039326.741847,29.763336,40.740256;406801.928196,24229176.286212,32.990791,36.286038;927568.112385,33214570.629917,30.641654,40.587408;794984.344633,37139362.301995,29.942883,42.154092
0;339242.848909,24416976.966451,32.554575,36.023246;828004.403157,35039397.045745,29.76334,40.740303;406802.104275,24229340.59072,32.990773,36.286151;927568.368294,33214755.02796,30.641654,40.587524;794984.580153,37139447.917705,29.942887,42.154146
4;339242.917382,24416997.547496,32.554574,36.023259;828004.720534,35039473.786435,29.76335,40.74035;406802.860068,24229526.616425,32.99077,36.286271;927569.285014,33214959.352287,30.641669,40.587645;794984.890283,37139531.187183,29.942897,42.154196
0;339243.008953,24417010.498257,32.554574,36.02327;828005.179259,35039521.052025,29.763359,40.740388;406803.851916,24229629.908759,32.990774,36.286361;927570.096695,33215071.065671,30.641685,40.587735;794985.329227,37139580.335392,29.942907,42.154236
0;339244.840153,24417032.395738,32.554573,36.023286;828007.802337,35039576.13017,29.763367,40.740432;406807.384365,24229758.38684,32.990773,36.286468;927573.891609,33215211.200332,30.641699,40.587842;794987.452311,37139619.958333,29.942911,42.154265
3;339244.900211,24417049.423293,32.554574,36.0233;828008.650411,35039639.893907,29.763381,40.740478;406809.847614,24229907.96915,32.990783,36.28658;927576.437023,33215373.020429,30.641724,40.587954;794988.142692,37139660.09445,29.94292,42.154294
0;339246.197914,24417087.242921,32.554569,36.023323;828009.199156,35039744.667132,29.763391,40.740547;406810.102788,24230129.613046,32.990779,36.286742;927576.673662,33215616.785545,30.641745,40.588119;794988.627061,37139740.764968,29.942925,42.154342
2;339246.316051,24417100.990578,32.554572,36.023336;828009.338163,35039802.628095,29.763403,40.74059;406810.535321,24230269.155154,32.990784,36.286849;927577.174569,33215769.900803,30.641763,40.588226;794988.799743,37139777.944668,29.942932,42.154371
0;339246.514454,24417116.759757,32.554574,36.02335;828009.91829,35039867.121648,29.763422,40.740644;406812.223332,24230445.365537,32.990795,36.286992;927579.029996,33215966.693061,30.641795,40.588373;794989.432586,37139824.68011,29.942942,42.154406
2;339246.760715,24417131.914817,32.554573,36.023361;828010.20652,35039940.443218,29.763428,40.740693;406812.514399,24230613.110021,32.990788,36.287113;927579.420126,33216156.108448,30.641805,40.588498;794989.712485,37139869.924761,29.942945,42.154433
0;339247.845293,24417164.506929,32.554568,36.02338;828013.111184,35040070.051004,29.763428,40.740765;406818.456503,24230884.664171,32.990758,36.287282;927585.399328,33216453.671492,30.641802,40.588665;794991.899932,37139945.965765,29.942945,42.154475
4;339248.267733,24417178.833898,32.554568,36.023391;828014.003433,35040141.006243,29.763438,40.740813;406820.295096,24231052.445914,32.99076,36.287402;927587.285782,33216644.82066,30.641819,40.58879;794992.60316,37139994.186415,29.94295,42.154506
0;339248.298171,24417197.029347,32.554569,36.023404;828014.040864,35040218.83824,29.76345,40.740868;406820.487517,24231231.287995,32.990758,36.287539;927587.500135,33216841.764502,30.641839,40.588931;794992.638953,37140035.073462,29.942956,42.154534
2;339248.928161,24417218.97994,32.554566,36.023419;828014.77781,35040264.727042,29.763456,40.740901;406821.236038,24231323.606483,32.990761,36.287614;927588.131836,33216948.872575,30.641851,40.589008;794993.429398,37140061.003363,29.942957,42.154549
0;339249.272942,24417248.986648,32.554562,36.023436;828017.444747,35040366.339664,29.76346,40.740959;406826.797097,24231558.028904,32.990742,36.287761;927594.42356,33217210.188079,30.641856,40.589159;794994.593238,37140098.966008,29.942959,42.154573
0;339249.638192,24417259.639115,32.554563,36.023445;828018.975855,35040406.318282,29.763467,40.74099;406828.283741,24231653.738105,32.990743,36.287836;927596.144991,33217324.472099,30.641865,40.589237;794995.106836,37140116.843544,29.942962,42.154585
2;339249.988612,24417280.775601,32.554562,36.023463;828019.904248,35040497.06191,29.763484,40.741066;406830.261392,24231860.468786,32.990753,36.288025;927598.749239,33217549.758054,30.641903,40.589431;794995.676785,37140147.823448,29.942968,42.154613
0;339250.117731,24417301.111112,32.554561,36.023476;828021.178324,35040535.708718,29.763497,40.741102;406834.512556,24231950.164431,32.990767,36.288115;927603.837784,33217647.052927,30.641929,40.589523;794996.642083,37140159.500566,29.942972,42.154625
1;339250.562576,24417320.608011,32.554565,36.023495;828023.42876,35040625.36264,29.763524,40.741181;406840.148399,24232150.701662,32.9908,36.288312;927609.378571,33217867.47154,30.641984,40.589719;794997.146765,37140190.60087,29.942981,42.154651
0;339250.720425,24417346.62613,32.55457,36.02352;828023.640146,35040683.303482,29.763565,40.741255;406841.128365,24232276.996355,32.990869,36.288486;927610.617742,33217998.98641,30.642072,40.589893;794997.319168,37140223.176074,29.942993,42.154683
4;339250.792321,24417357.803785,32.554572,36.02353;828023.951138,35040727.513941,29.763577,40.741293;406841.625673,24232384.495679,32.990883,36.28858;927611.07266,33218118.949308,30.642095,40.589986;794997.372923,37140240.374971,29.942997,42.154697
0;339251.395766,24417382.891241,32.554568,36.023547;828025.143019,35040810.795026,29.763585,40.741349;406843.765994,24232567.064708,32.990881,36.288718;927613.050944,33218318.487573,30.642111,40.590122;794998.266433,37140289.076657,29.942996,42.154724
2;339252.020489,24417399.570509,32.554566,36.023557;828025.979748,35040840.354814,29.76359,40.741371;406844.858751,24232634.049664,32.990883,36.288769;927614.08399,33218387.562979,30.64212,40.590171;794998.999122,37140299.404258,29.942997,42.154731
0;339252.082949,24417412.525057,32.554566,36.023567;828027.226533,35040900.432723,29.763599,40.741413;406847.975363,24232777.257337,32.990884,36.28888;927617.230616,33218552.99709,30.642135,40.590285;794999.280716,37140324.174343,29.942999,42.154747
0;339252.252988,24417431.861642,32.554567,36.02358;828027.514413,35041002.959098,29.76361,40.741475;406848.533872,24233023.461883,32.990878,36.289038;927617.619191,33218812.508787,30.642153,40.590439;794999.395567,37140360.134623,29.943003,42.154768
1;339253.514298,24417451.776191,32.554567,36.023595;828030.56984,35041119.248254,29.763616,40.741543;406854.683155,24233293.414955,32.990858,36.289209;927623.297451,33219109.586138,30.642157,40.590609;795000.920185,37140406.669282,29.943004,42.154794
0;339255.628239,24417466.135428,32.554568,36.023609;828035.657752,35041167.980311,29.763635,40.741591;406867.291335,24233404.452182,32.990882,36.289324;927636.39294,33219227.74954,30.642196,40.590725;795004.146842,37140428.909103,29.943009,42.154814
4;339255.872267,24417478.388698,32.554568,36.023619;828036.704936,35041220.777617,29.763639,40.741628;406869.692237,24233523.178368,32.990875,36.289414;927639.20574,33219346.230836,30.642203,40.59081;795004.615804,37140449.950123,29.943011,42.154828
0;339256.50338,24417492.508312,32.554568,36.023631;828036.946733,35041290.047275,29.763651,40.741679;406870.111435,24233678.103843,32.990885,36.289538;927640.005937,33219512.434292,30.642227,40.590934;795004.903852,37140472.645211,29.943015,42.154845
2;339256.555059,24417506.740503,32.554573,36.023649;828037.28455,35041362.92921,29.763681,40.741761;406870.932472,24233859.692929,32.990915,36.289744;927640.705245,33219707.301885,30.642285,40.59114;795005.180191,37140500.977088,29.943025,42.154875
0;339257.329964,24417540.330453,32.554569,36.023669;828040.004437,35041473.491608,29.763686,40.741827;406876.589029,24234099.654527,32.990897,36.289905;927646.240143,33219963.034965,30.642291,40.591298;795006.59129,37140546.250259,29.943026,42.154901
4;339257.440739,24417554.943358,32.554568,36.023678;828040.304997,35041515.202265,29.763688,40.741854;406877.178878,24234184.466827,32.990892,36.289968;927646.831562,33220057.931107,30.642295,40.591363;795006.727459,37140563.26267,29.943027,42.154912
0;339257.623799,24417564.440019,32.55457,36.023687;828040.999799,35041568.721683,29.763702,40.741897;406878.672239,24234320.10048,32.990904,36.290081;927648.329524,33220210.516438,30.642321,40.591478;795006.95312,37140585.948796,29.943031,42.154929
0;339258.9023,24417584.544661,32.554569,36.023703;828042.228048,35041639.054358,29.763715,40.741952;406880.835705,24234478.353496,32.990908,36.290215;927650.266059,33220382.980377,30.642344,40.591612;795007.999209,37140618.805152,29.943033,42.15495
3;339258.937087,24417596.521031,32.554572,36.023716;828042.397135,35041690.473304,29.763739,40.742006;406881.393991,24234603.617885,32.990942,36.290349;927650.869953,33220522.086817,30.642393,40.591749;795008.194993,37140641.075789,29.943041,42.154971
0;339259.268558,24417643.946723,32.554568,36.023742;828042.467415,35041757.180983,29.763749,40.742053;406881.470492,24234731.65694,32.990948,36.290451;927650.921451,33220657.872435,30.642414,40.59185;795008.27083,37140664.617741,29.943045,42.154988
1;339259.284229,24417650.266064,32.554569,36.023748;828043.672379,35041789.039805,29.763754,40.742076;406884.333246,24234808.148754,32.990948,36.290513;927653.904637,33220742.129768,30.642423,40.591914;795008.829414,37140680.857699,29.943046,42.154999
0;339261.118819,24417679.017664,32.554569,36.023771;828046.45969,35041869.633695,29.763781,40.742149;406889.59414,24234982.347811,32.990985,36.290686;927659.862341,33220930.483336,30.64248,40.592088;795010.972642,37140710.660017,29.943055,42.155026
3;339261.133697,24417695.645407,32.554571,36.023786;828046.942387,35041942.886238,29.7638,40.742213;406890.820296,24235156.271632,32.990998,36.290842;927661.095186,33221115.90809,30.642516,40.592245;795011.154123,37140738.616053,29.943061,42.15505
0;339261.82479,24417719.001325,32.554572,36.023805;828047.939291,35042012.082259,29.763825,40.742277;406892.980836,24235308.394441,32.991034,36.290998;927663.194802,33221284.742965,30.64257,40.592403;795012.225633,37140769.534705,29.943068,42.155074
3;339262.197708,24417750.755026,32.554567,36.023822;828048.596033,35042051.874974,29.76383,40.742304;406893.57303,24235383.425649,32.991033,36.291054;927663.852638,33221363.830848,30.642578,40.592459;795012.620618,37140784.695149,29.94307,42.155085
0;339262.363344,24417765.370026,32.55457,36.023838;828048.859725,35042127.784162,29.763848,40.742369;406894.11059,24235560.471668,32.99105,36.291217;927664.498352,33221557.630512,30.642615,40.592623;795012.785879,37140818.467799,29.943077,42.155113
0;339262.396286,24417792.094316,32.554569,36.023853;828049.459952,35042185.380707,29.763858,40.742408;406895.737139,24235686.994918,32.991056,36.291314;927666.064265,33221692.181783,30.642634,40.592718;795013.078768,37140848.289181,29.94308,42.155131
3;339262.639265,24417808.108601,32.55457,36.023866;828050.301316,35042260.712802,29.763872,40.742466;406898.276952,24235856.742209,32.991062,36.291458;927668.4213,33221882.756811,30.64266,40.592865;795013.867663,37140893.584582,29.943088,42.155165
0;339263.151818,24417830.155974,32.554572,36.023882;828053.054292,35042312.700504,29.763886,40.742513;406904.474809,24235980.071293,32.991071,36.291572;927674.989844,33222019.490305,30.642685,40.592983;795015.221574,37140922.727102,29.943094,42.15519
1;339263.64988,24417844.744895,32.554577,36.023899;828053.894071,35042352.410624,29.763907,40.742557;406906.12298,24236067.527062,32.991098,36.291673;927676.496515,33222116.263215,30.642722,40.593085;795015.576826,37140939.089936,29.9431,42.155205
0;339264.322912,24417858.779374,32.554583,36.023913;828059.913263,35042410.443147,29.763937,40.742616;406921.557599,24236203.166035,32.991148,36.291825;927693.988918,33222278.158088,30.642786,40.593244;795017.695442,37140962.635255,29.943109,42.155227
4;339264.344098,24417870.494339,32.554584,36.023922;828060.032345,35042464.717526,29.763948,40.742656;406921.959665,24236330.908296,32.991155,36.291925;927694.415114,33222420.910203,30.642806,40.593346;795017.787042,37140984.684166,29.943112,42.155242
0;339264.367936,24417885.606549,32.554585,36.023937;828060.135182,35042527.564715,29.76396,40.742711;406922.177391,24236489.974304,32.991155,36.292062;927694.624964,33222599.341118,30.642826,40.593489;795017.885583,37141013.985161,29.943115,42.155263
4;339265.506763,24417901.848031,32.554589,36.023953;828061.776634,35042608.38802,29.763979,40.742774;406924.829824,24236672.835719,32.991169,36.292214;927696.850719,33222803.966913,30.64286,40.593645;795018.217838,37141052.410023,29.94312,42.15529
0;339265.899095,24417926.683481,32.554587,36.023968;828062.757052,35042712.696641,29.763982,40.742831;406927.010957,24236915.803966,32.991147,36.292357;927698.760494,33223070.841224,30.642861,40.593789;795019.199089,37141093.516881,29.943121,42.155312
2;339266.029771,24417945.183577,32.554587,36.023981;828063.111004,35042796.851016,29.763994,40.742883;406927.615697,24237114.590069,32.991151,36.292489;927699.184854,33223289.954432,30.642884,40.593922;795019.342536,37141119.772948,29.943125,42.155329
0;339266.300235,24417967.940688,32.554586,36.023998;828063.609237,35042885.941539,29.764005,40.742948;406929.120447,24237310.336852,32.991149,36.292648;927701.039267,33223505.930953,30.642906,40.594086;795019.710201,37141176.298061,29.943137,42.155375
0;339266.341707,24417984.223403,32.554584,36.024008;828064.626047,35042941.558939,29.764007,40.742982;406931.775366,24237436.116122,32.991134,36.29273;927704.009101,33223638.258827,30.642905,40.594167;795020.516447,37141218.951973,29.943138,42.155401
3;339266.658838,24418003.844704,32.554586,36.024024;828065.063494,35043034.11854,29.764026,40.743055;406932.344751,24237641.402723,32.991151,36.292914;927704.637498,33223865.789461,30.642947,40.594357;795020.849786,37141297.944623,29.943156,42.155467
0;339267.955789,24418026.849822,32.554584,36.024041;828067.034751,35043093.745017,29.764037,40.743099;406933.953176,24237767.584184,32.991163,36.293017;927706.630632,33224005.690753,30.642973,40.594463;795021.275284,37141330.410108,29.943165,42.155492
1;339268.13108,24418042.298026,32.554586,36.024054;828067.277985,35043162.26517,29.764052,40.743151;406934.397132,24237931.871405,32.99117,36.293145;927707.062875,33224185.740317,30.642997,40.594591;795021.363444,37141372.039134,29.943172,42.155522
0;339268.372128,24418063.464313,32.55459,36.024072;828067.693571,35043219.67832,29.764084,40.743213;406935.359501,24238064.259872,32.991222,36.293294;927708.262472,33224333.671662,30.643069,40.594748;795021.930442,37141413.108344,29.943192,42.155565
4;339268.428392,24418070.707468,32.554591,36.024079;828068.020473,35043255.971637,29.764091,40.743243;406936.208593,24238160.576181,32.991223,36.293375;927708.954504,33224434.841547,30.643081,40.594828;795022.156913,37141434.3413,29.943196,42.155582
0;339269.083303,24418095.680414,32.554589,36.024095;828068.468322,35043332.720956,29.7641,40.743292;406936.550765,24238325.326341,32.991222,36.293492;927709.304261,33224609.933713,30.643097,40.594941;795022.437201,37141477.837911,29.943201,42.155609
3;339269.090462,24418121.126072,32.554588,36.024113;828068.694062,35043408.037612,29.764113,40.743348;406937.101039,24238490.991774,32.991226,36.293623;927709.741311,33224794.333713,30.643118,40.595074;795022.487939,37141521.691302,29.943204,42.155636
0;339269.139901,24418135.1903,32.554591,36.024124;828068.773651,35043472.135653,29.764128,40.743395;406937.599869,24238643.801989,32.991239,36.293738;927710.140961,33224961.109026,30.643148,40.595191;795022.506329,37141547.260948,29.943209,42.155654
0;339269.404293,24418159.512269,32.554586,36.024138;828069.614467,35043513.313542,29.764132,40.743424;406939.331478,24238727.314596,32.991238,36.29381;927712.09072,33225056.869788,30.643157,40.595266;795022.83365,37141554.663216,29.943212,42.155662
1;339270.28278,24418172.007509,32.554587,36.024149;828071.050356,35043577.060376,29.764145,40.743473;406941.335759,24238875.442813,32.991248,36.293932;927714.030001,33225227.136934,30.643185,40.595396;795023.386424,37141575.525246,29.943216,42.155679
0;339270.517536,24418188.58938,32.55459,36.024164;828071.730309,35043661.333732,29.764166,40.743539;406942.64965,24239061.375473,32.99127,36.294093;927715.628824,33225439.551349,30.643227,40.595564;795023.889012,37141606.332733,29.943222,42.155703
2;339270.82411,24418200.036688,32.554594,36.024174;828071.992738,35043723.353472,29.764182,40.743583;406943.107832,24239213.6344,32.991282,36.294203;927716.18583,33225609.97987,30.643255,40.595678;795024.091686,37141631.368951,29.943227,42.15572
0;339271.109285,24418228.22879,32.554595,36.024195;828073.629671,35043830.211227,29.764202,40.74366;406947.468418,24239436.90762,32.991302,36.294383;927720.903711,33225872.443196,30.643297,40.595868;795024.576508,37141672.995868,29.943233,42.155747
3;339274.057312,24418243.416766,32.554591,36.024205;828076.357741,35043864.178674,29.764203,40.743684;406950.714528,24239506.93179,32.991297,36.294439;927724.148727,33225952.123889,30.6433,40.595926;795026.154702,37141688.10287,29.943234,42.155757
0;339274.337989,24418267.633801,32.554591,36.024224;828076.892271,35043944.093008,29.764221,40.743748;406951.883781,24239685.136378,32.991312,36.294591;927725.318248,33226151.99769,30.643336,40.596082;795026.459614,37141723.049806,29.943237,42.155781
4;339274.467305,24418286.430771,32.554593,36.024239;828077.289974,35044006.280531,29.76424,40.743799;406952.909554,24239823.456158,32.991337,36.294716;927726.23018,33226306.986431,30.643375,40.596209;795026.602383,37141748.269383,29.943244,42.155801
0;339275.099484,24418296.641893,32.554596,36.024251;828078.197863,35044051.780464,29.764256,40.74384;406954.148864,24239934.299145,32.991354,36.294811;927727.60563,33226430.362239,30.643405,40.596306;795027.212138,37141766.127835,29.943249,42.155815
0;339275.418433,24418312.794481,32.554597,36.024264;828078.936164,35044112.559584,29.764266,40.743887;406955.387063,24240074.853304,32.991358,36.294929;927728.920894,33226584.014447,30.643426,40.596428;795027.408495,37141786.401549,29.943253,42.155832
3;339275.648016,24418328.413629,32.554596,36.024275;828079.084362,35044164.430262,29.764276,40.743928;406955.763512,24240178.944889,32.991368,36.295023;927729.342682,33226694.713506,30.643451,40.596524;795027.54198,37141805.988163,29.943257,42.155848
0;339276.273786,24418349.297353,32.554598,36.024293;828079.844124,35044244.211596,29.7643,40.743997;406956.818836,24240355.681122,32.991399,36.295191;927730.648699,33226901.088689,30.643501,40.596701;795027.701065,37141839.725022,29.943264,42.155874
4;339276.322288,24418366.478455,32.554599,36.024306;828080.20153,35044309.018571,29.764313,40.744043;406957.930347,24240496.79271,32.991409,36.295301;927732.001262,33227055.926654,30.643526,40.596814;795027.749846,37141867.462467,29.943268,42.155892
0;339276.605418,24418376.785985,32.554601,36.024315;828080.707065,35044357.345828,29.764322,40.744077;406958.869881,24240611.527521,32.991413,36.295385;927733.285674,33227185.279395,30.643541,40.5969;795027.962618,37141889.032853,29.94327,42.155905
1;339276.647126,24418390.928659,32.554601,36.024324;828081.250407,35044420.960971,29.76433,40.744116;406960.561417,24240757.691955,32.991413,36.295482;927734.793055,33227353.286867,30.643555,40.597002;795028.105914,37141912.841827,29.943273,42.155919
0;339276.846916,24418416.804461,32.554602,36.024343;828082.323744,35044510.852716,29.764358,40.744187;406964.10756,24240952.090117,32.99145,36.295649;927739.349921,33227575.794584,30.643614,40.597177;795028.534093,37141958.017257,29.943279,42.155948
0;339276.999545,24418437.043805,32.554605,36.024359;828083.77084,35044565.088856,29.76438,40.744238;406967.379344,24241059.083628,32.991482,36.295762;927742.941881,33227691.240052,30.643664,40.597293;795029.122379,37141980.759213,29.943287,42.155967
